domain,quintile,q2018_19_hdi,order
Punjab,Q1,.4241901740376449,1
Punjab,Q2,.5043047694913609,1
Punjab,Q3,.5593013105735861,1
Punjab,Q4,.6170740743835155,1
Punjab,Q5,.6920460478087761,1
Sindh,Q1,.405924357705289,2
Sindh,Q2,.4700370628073227,2
Sindh,Q3,.5504275200975181,2
Sindh,Q4,.6296063040567952,2
Sindh,Q5,.7286538499056527,2
Khyber Pakhtunkhwa,Q1,.4493442422032269,3
Khyber Pakhtunkhwa,Q2,.4840494523856192,3
Khyber Pakhtunkhwa,Q3,.5242110677131634,3
Khyber Pakhtunkhwa,Q4,.5755564602122539,3
Khyber Pakhtunkhwa,Q5,.6503176471349242,3
Balochistan,Q1,.3456625313317377,4
Balochistan,Q2,.3894677394006431,4
Balochistan,Q3,.4568336651040784,4
Balochistan,Q4,.5010180596506033,4
Balochistan,Q5,.6103166525523035,4
