Region,Year,Female health: published in NHDR 2020,Female health: reproduced from microdata,"Female health: difference, reproduced minus published",Female health: basis of the reproduced value,Female empowerment: published in NHDR 2020,Female empowerment: reproduced from microdata,"Female empowerment: difference, reproduced minus published",Female empowerment: basis of the reproduced value,Male empowerment: published in NHDR 2020,Male empowerment: reproduced from microdata,"Male empowerment: difference, reproduced minus published",Male empowerment: basis of the reproduced value,GII: published in NHDR 2020,GII: reproduced from microdata,"GII: difference, reproduced minus published",GII: basis of the reproduced value
Pakistan,2006-07,,0.0358950039193289,,reproduced,,0.2669578176941072,,reproduced,,0.6482537824213078,,reproduced,0.582,0.5570405968633518,-0.02495940313664813,reproduced
Punjab,2006-07,,0.0306945372023305,,reproduced,,0.2703117973521356,,reproduced,,0.6574256553631146,,reproduced,0.557,0.5565325755734505,-0.0004674244265495675,reproduced
Sindh,2006-07,,0.0286248859641342,,reproduced,,0.2620537871602902,,reproduced,,0.6747749163549795,,reproduced,0.607,0.60721535099639,0.00021535099639002908,reproduced
Khyber Pakhtunkhwa,2006-07,,0.0216272551651656,,reproduced,,0.2057300380465265,,reproduced,,0.6535251587773593,,reproduced,0.642,0.6419415087755372,-5.849122446277555e-05,reproduced
Balochistan,2006-07,,0.0233191448229575,,reproduced,,0.1439245670300296,,reproduced,,0.5409491629511157,,reproduced,0.688,0.6869766871500237,-0.0010233128499762545,reproduced
Pakistan,2018-19,,0.0436891362338234,,reproduced,,0.2983466707269321,,reproduced,,0.7083072930438893,,reproduced,0.548,0.5185926796410881,-0.029407320358911915,reproduced
Punjab,2018-19,,0.050676030100615,,reproduced,,0.3245167513863024,,reproduced,,0.7232802316082552,,reproduced,0.5,0.4684821912857723,-0.03151780871422771,reproduced
Sindh,2018-19,,0.0466300214145115,,reproduced,,0.2680162791288007,,reproduced,,0.707715722163022,,reproduced,0.599,0.5724367441615781,-0.026563255838421895,reproduced
Khyber Pakhtunkhwa,2018-19,,0.0314253743331632,,reproduced,,0.2289495979008015,,reproduced,,0.727417847841271,,reproduced,0.652,0.6274442886792104,-0.024555711320789597,reproduced
Balochistan,2018-19,,0.0323819472254928,,reproduced,,0.177669783599178,,reproduced,,0.6027449151887184,,reproduced,0.686,0.6660876581810096,-0.019912341818990487,reproduced
