Region,Year,Without prenatal and postnatal care (%): published in NHDR 2020,Without prenatal and postnatal care (%): reproduced from microdata,"Without prenatal and postnatal care (%): difference, reproduced minus published",Without prenatal and postnatal care (%): basis of the reproduced value,Women 15-19 ever married (%): published in NHDR 2020,Women 15-19 ever married (%): reproduced from microdata,"Women 15-19 ever married (%): difference, reproduced minus published",Women 15-19 ever married (%): basis of the reproduced value,"Seats in parliament, female (%): published in NHDR 2020","Seats in parliament, female (%): reproduced from microdata","Seats in parliament, female (%): difference, reproduced minus published","Seats in parliament, female (%): basis of the reproduced value","Secondary education, female (%): published in NHDR 2020","Secondary education, female (%): reproduced from microdata","Secondary education, female (%): difference, reproduced minus published","Secondary education, female (%): basis of the reproduced value","Secondary education, male (%): published in NHDR 2020","Secondary education, male (%): reproduced from microdata","Secondary education, male (%): difference, reproduced minus published","Secondary education, male (%): basis of the reproduced value","Labour force participation, female (%): published in NHDR 2020","Labour force participation, female (%): reproduced from microdata","Labour force participation, female (%): difference, reproduced minus published","Labour force participation, female (%): basis of the reproduced value","Labour force participation, male (%): published in NHDR 2020","Labour force participation, male (%): reproduced from microdata","Labour force participation, male (%): difference, reproduced minus published","Labour force participation, male (%): basis of the reproduced value"
Pakistan,2006-07,63.0,63.34996085702181,0.3499608570218129,reproduced,20.3,12.25139772702887,-8.04860227297113,reproduced,21.3,21.3450292397661,0.04502923976609807,external,33,33.38785607996718,0.38785607996717886,reproduced,54,53.42738829622604,-0.5726117037739584,reproduced,19.6,17.94661587693643,-1.6533841230635709,reproduced,69.5,68.24045969018012,-1.259540309819883,reproduced
Punjab,2006-07,63.0,62.80455113181459,-0.19544886818540874,reproduced,16.9,16.9,,as printed,19.7,19.7,,as printed,37,37.09059278565585,0.0905927856558506,reproduced,54,53.82422071352686,-0.17577928647313712,reproduced,22.8,22.8,,as printed,70.2,70.2,,as printed
Sindh,2006-07,59.0,58.95791601605514,-0.042083983944863235,reproduced,20.7,20.7,,as printed,19.6,19.6,,as printed,35,35.03683028829114,0.03683028829114221,reproduced,57,56.63198852510817,-0.36801147489182995,reproduced,15.3,15.3,,as printed,71.0,71.0,,as printed
Khyber Pakhtunkhwa,2006-07,68.0,67.87137346291475,-0.1286265370852533,reproduced,31.5,31.5,,as printed,18.5,18.5,,as printed,23,22.87829651601366,-0.1217034839863409,reproduced,53,52.40431081656107,-0.5956891834389282,reproduced,16.0,16.0,,as printed,64.7,64.7,,as printed
Balochistan,2006-07,76.0,75.6777980508343,-0.3222019491657022,reproduced,24.3,24.3,,as printed,18.5,18.5,,as printed,11,11.19690864582783,0.19690864582783085,reproduced,36,35.90503029417334,-0.09496970582665654,reproduced,10.3,10.3,,as printed,67.4,67.4,,as printed
Pakistan,2018-19,41.5,41.5441856288931,0.04418562889310351,reproduced,20.0,12.61080565786263,-7.389194342137371,reproduced,20.2,20.2346041055718,0.034604105571801824,external,44,43.98936370063915,-0.01063629936084709,reproduced,63,62.89685091554932,-0.10314908445067772,reproduced,20.1,20.14046747776706,0.04046747776705928,reproduced,68.0,67.99321387003998,-0.0067861299600195935,reproduced
Punjab,2018-19,36.5,36.30907049331845,-0.19092950668154884,reproduced,17.0,10.72456530098152,-6.275434699018479,reproduced,20.1,20.1,,as printed,52,52.3935930001588,0.39359300015880194,reproduced,65,65.47362871530554,0.4736287153055372,reproduced,26.5,26.50087688095665,0.0008768809566497282,reproduced,69.9,69.92757127100602,0.027571271006010534,reproduced
Sindh,2018-19,40.0,39.49005287971723,-0.5099471202827672,reproduced,18.5,11.64611448142939,-6.8538855185706105,reproduced,18.1,18.1,,as printed,40,39.68658888289901,-0.31341111710099057,reproduced,61,61.15525560399607,0.15525560399606775,reproduced,12.1,12.10835931447072,0.008359314470720136,reproduced,68.5,68.47097171477516,-0.02902828522483958,reproduced
Khyber Pakhtunkhwa,2018-19,51.0,50.75278842730395,-0.24721157269605243,reproduced,31.8,19.95166631585415,-11.84833368414585,reproduced,17.6,17.6,,as printed,30,29.78290816985152,-0.21709183014847966,reproduced,64,64.21562200946921,0.2156220094692145,reproduced,11.3,11.34313070078773,0.04313070078772974,reproduced,61.1,61.06037294998318,-0.039627050016818544,reproduced
Balochistan,2018-19,61.5,61.72569540878601,0.22569540878600947,reproduced,23.9,15.44998589385913,-8.450014106140868,reproduced,16.9,16.9,,as printed,19,18.67843313856729,-0.32156686143271074,reproduced,44,43.71858396941702,-0.2814160305829816,reproduced,7.9,7.897133092685769,-0.0028669073142317814,reproduced,63.8,63.81280410313359,0.012804103133589706,reproduced
