immun,region,income_pce,eec,top2,ner_p,ner_m,ner_x,year,notwork,notwork_emp,sex,notstunted,notwasted,survival,pub_sl_idx,pub_edu_idx,pub_health_idx,pub_cdi,p_income_pce,p_top2,p_notwork,p_ner_p,p_ner_m,p_ner_x,p_eec,p_immun,r_sl,r_edu,r_hea,r_cdi
42.35471177271872,Balochistan,716.8260347770241,10.92640370173961,14.25278956074693,41.24190040950975,12.15139834365461,5.201471256942827,2007-08,81.59999999999999,,All,20.3,88.2,.9409999999999999,.24,.191,.511,.314,724,13.4,81.59999999999999,41,12,5,12.1,57,.2460593969494317,.1893714474598026,.4650300429171968,.3001536291088103
44.17834082114043,Balochistan,941.0001012118666,14.32617182692658,13.47946303693089,33.03633187270623,11.39509176463924,5.618067329900585,2018-19,92.20598833311223,95.98750847050472,All,52.6,82.3,.922,.399,.183,.466,.349,940,13.5,92,33,11,6,15.3,44,.4014150233642724,.1797520449698212,.4655205503601816,.3488958728980918
58.23575087979912,Khyber Pakhtunkhwa,944.0001388139274,34.43767619323503,31.04798491745534,48.80711075820427,14.24514330010201,5.748536242647523,2007-08,82.40000000000001,,All,53.6,89.3,.925,.427,.305,.615,.449,906,30.4,82.40000000000001,49,14,6,36.8,74,.4394521891122444,.2963698564198718,.5661411332640782,.4339877262653982
75.29687945811862,Khyber Pakhtunkhwa,1132.578973878102,49.05933012611621,27.26364928396307,47.76427568141153,18.18242084597965,8.36853566847623,2018-19,91.50145845455938,95.58491739077094,All,59.6,92.59999999999999,.9360000000000001,.552,.361,.6850000000000001,.533,1185,26.9,91.40000000000001,48,18,8,46.8,72,.546019617164359,.3687258707862295,.6943958855615229,.5363804578373704
68.89176048800513,Pakistan,1021.038877362464,35.46857811211435,32.75051587976208,55.32206319406428,17.7510492068448,10.81359320840486,2007-08,84.2,,All,53.1,88.90000000000001,.906,.493,.357,.545,.465,1056,32.5,84.2,55,18,11,36.3,73,.4887455821409841,.3531052150903822,.5321372417210946,.4579960129841536
84.05646687469309,Pakistan,1275.121190369607,48.46689000148903,32.00790902880774,52.76615634877505,21.90915753410285,14.18464178580947,2018-19,90.20893815609843,92.53633790920375,All,62.4,93.09999999999999,.926,.611,.42,.694,.575,1351,31.8,90.09999999999999,53,22,14,48.3,82,.5991432326025189,.4207587582529579,.6997965570226317,.5732328492927028
76.53370721275728,Punjab,1028.574132046074,38.85989823712573,36.54200410262739,60.53781860575837,19.04036341372476,12.55663245794266,2007-08,87.2,,All,58.2,89.8,.903,.571,.397,.5649999999999999,.511,1102,36.8,87.2,61,19,13,39.9,76,.5551521515832168,.3904619143069442,.5666433252359451,.5040857970420354
93.64169041517155,Punjab,1333.884762932676,53.30938333927467,37.43457711676964,59.58419658567284,27.39392750571447,18.87211076024538,2018-19,90.45413597399701,90.96115424075039,All,70.2,96.3,.915,.6870000000000001,.542,.736,.655,1488,37.3,90.40000000000001,60,27,19,67.09999999999999,93,.6586121559977548,.4956654147487061,.7360248903905484,.6301008203790032
62.01620452495248,Sindh,1092.249904005002,31.59336226583443,28.72822413540432,50.79318183812727,18.30011898666257,10.66810344937893,2007-08,79.40000000000001,,All,42.7,86.5,.899,.407,.331,.458,.399,1093,27.6,79.40000000000001,51,18,11,31.6,67,.4158560973385004,.3299684093505362,.441729560709104,.3958513557993802
79.57277511207718,Sindh,1280.600498664115,42.64223593568111,29.06232737870112,47.68370621963493,15.61251592053024,10.45857569308882,2018-19,88.39383656456273,93.02419586401494,All,50.1,88.40000000000001,.923,.548,.392,.607,.516,1268,28.6,88.3,48,16,10,55.5,78,.5555032975655165,.3490179835352359,.6102335496762219,.504918276925658
