region,sex,year,income_pce,top2,notwork,ner_p,ner_m,ner_x,eec,immun,notstunted,notwasted,survival,pub_sl_idx,pub_edu_idx,pub_health_idx,pub_cdi,m_sl,m_edu,m_hea,m_cdi,cdi_from_pub
Pakistan,All,2007-08,1056,32.5,84.2,55,18,11,36.3,73,53.1,88.90000000000001,.906,.493,.357,.545,.465,.4935130718954249,.3568333333333333,.5449754901960786,.4651072984749456,.465
Pakistan,All,2018-19,1351,31.8,90.09999999999999,53,22,14,48.3,82,62.4,93.09999999999999,.926,.611,.42,.694,.575,.6110784313725489,.4201666666666667,.6933700980392159,.5748717320261438,.575
Pakistan,Male,2007-08,1068,33,84.5,59,18,11,36.7,75,50.1,87.8,.907,.503,.368,.538,.47,.5033660130718954,.3681666666666667,.5388602941176471,.4701309912854031,.4696666666666667
Pakistan,Male,2018-19,1449,32.6,91.2,54,22,14,51.8,82,61.8,92.8,.92,.649,.439,.669,.586,.6491830065359477,.4343333333333333,.6697303921568629,.584415577342048,.5856666666666667
Pakistan,Female,2007-08,1044,32,83.8,52,17,10,35.8,71,56.2,90,.907,.483,.339,.5570000000000001,.46,.4825490196078431,.3393333333333334,.5580514705882353,.4599779411764706,.4596666666666667
Pakistan,Female,2018-19,1253,30.8,88.90000000000001,51,21,14,44.8,82,62.9,93.5,.9320000000000001,.569,.401,.719,.5629999999999999,.5701960784313727,.4001666666666667,.71734068627451,.5625678104575164,.5630000000000001
Punjab,All,2007-08,1102,36.8,87.2,61,19,13,39.9,76,58.2,89.8,.903,.571,.397,.5649999999999999,.511,.5716993464052288,.3971666666666667,.5649754901960784,.5112805010893245,.511
Punjab,All,2018-19,1488,37.3,90.40000000000001,60,27,19,67.09999999999999,93,70.2,96.3,.915,.6870000000000001,.542,.736,.655,.6871078431372549,.5419999999999999,.7340196078431374,.654375816993464,.655
Punjab,Male,2007-08,1103,37.7,88,62,18,13,39.9,79,55.4,88.8,.903,.588,.396,.5600000000000001,.515,.5882843137254903,.3963333333333334,.5598651960784314,.514827614379085,.5146666666666667
Punjab,Male,2018-19,1582,38.3,91.09999999999999,59,27,18,71.40000000000001,93,68.40000000000001,95.90000000000001,.907,.721,.549,.698,.656,.7216503267973855,.5488333333333334,.6995588235294119,.6566808278867103,.656
Punjab,Female,2007-08,1102,36,86.3,59,20,12,39.9,73,61.1,90.8,.902,.555,.39,.5669999999999999,.504,.5550326797385621,.3905,.5670465686274511,.504193082788671,.504
Punjab,Female,2018-19,1393,36.1,89.59999999999999,60,28,19,62.8,94,72.2,96.90000000000001,.924,.65,.535,.778,.654,.6495915032679738,.531,.7767769607843138,.6524561546840958,.6543333333333333
Sindh,All,2007-08,1093,27.6,79.40000000000001,51,18,11,31.6,67,42.7,86.5,.899,.407,.331,.458,.399,.4066013071895425,.3311666666666667,.4573039215686275,.3983572984749456,.3986666666666667
Sindh,All,2018-19,1268,28.6,88.3,48,16,10,55.5,78,50.1,88.40000000000001,.923,.548,.392,.607,.516,.5481372549019607,.3916666666666667,.6053186274509805,.5150408496732026,.5156666666666667
Sindh,Male,2007-08,1117,28.1,78.5,55,21,11,32.3,71,39.2,85.59999999999999,.899,.405,.354,.455,.405,.4054738562091503,.3535,.4538848039215687,.404286220043573,.4046666666666667
Sindh,Male,2018-19,1368,29.4,89.3,51,17,11,59.8,79,49.5,87.59999999999999,.908,.586,.424,.552,.521,.5855228758169934,.4218333333333333,.5516789215686275,.519678376906318,.5206666666666667
Sindh,Female,2007-08,1069,27,80.8,46,16,10,30.9,62,46.2,87.59999999999999,.897,.412,.305,.454,.39,.4124509803921568,.3046666666666666,.4521813725490197,.389766339869281,.3903333333333334
Sindh,Female,2018-19,1168,27.6,87,44,14,10,51.1,78,50.7,89.2,.9389999999999999,.506,.358,.664,.51,.5057516339869281,.3603333333333333,.6654166666666664,.5105005446623093,.5093333333333333
Khyber Pakhtunkhwa,All,2007-08,906,30.4,82.40000000000001,49,14,6,36.8,74,53.6,89.3,.925,.427,.305,.615,.449,.4266013071895425,.3051666666666666,.6154044117647059,.4490574618736384,.449
Khyber Pakhtunkhwa,All,2018-19,1185,26.9,91.40000000000001,48,18,8,46.8,72,59.6,92.59999999999999,.9360000000000001,.552,.361,.6850000000000001,.533,.5521405228758171,.3593333333333333,.6840931372549022,.5318556644880176,.5326666666666667
Khyber Pakhtunkhwa,Male,2007-08,928,30.3,84,55,18,6,37.7,69,50.2,87.8,.92,.448,.336,.5620000000000001,.449,.4478594771241831,.3365,.5637377450980393,.4493657407407408,.4486666666666667
Khyber Pakhtunkhwa,Male,2018-19,1275,28.1,93.7,52,21,11,50.4,73,62,92.40000000000001,.9320000000000001,.605,.405,.68,.5639999999999999,.605343137254902,.4063333333333333,.6796936274509806,.5637900326797386,.5633333333333334
Khyber Pakhtunkhwa,Female,2007-08,885,30.5,80.59999999999999,41,11,6,35.9,80,56.7,90.7,.9320000000000001,.403,.272,.674,.45,.4033169934640522,.2721666666666667,.6753553921568629,.4502796840958606,.4496666666666667
Khyber Pakhtunkhwa,Female,2018-19,1096,25.4,88.7,44,15,6,43.3,72,57.5,92.7,.9389999999999999,.492,.314,.6870000000000001,.498,.4921895424836601,.3176666666666667,.6885416666666666,.4994659586056645,.4976666666666667
Balochistan,All,2007-08,724,13.4,81.59999999999999,41,12,5,12.1,57,20.3,88.2,.9409999999999999,.24,.191,.511,.314,.240359477124183,.1911666666666667,.5107965686274507,.3141075708061001,.314
Balochistan,All,2018-19,940,13.5,92,33,11,6,15.3,44,52.6,82.3,.922,.399,.183,.466,.349,.3991013071895425,.1835,.4649632352941178,.3491881808278867,.3493333333333333
Balochistan,Male,2007-08,762,14.3,82.40000000000001,47,14,6,12.7,55,15.9,88.7,.947,.264,.22,.515,.333,.2641993464052288,.2198333333333333,.5147303921568626,.3329210239651416,.333
Balochistan,Male,2018-19,1047,13.3,93.40000000000001,37,13,7,17,44,47.5,82.09999999999999,.912,.434,.211,.414,.353,.4339705882352942,.2108333333333333,.4153799019607843,.3533946078431373,.353
Balochistan,Female,2007-08,686,12.5,80.5,35,10,4,11.4,58,24.4,87.8,.9330000000000001,.213,.162,.498,.291,.2131862745098039,.1621666666666667,.4968137254901962,.2907222222222223,.291
Balochistan,Female,2018-19,833,13.7,90.09999999999999,29,9,4,13.5,45,58.5,82.7,.9330000000000001,.358,.151,.523,.344,.3586764705882352,.1508333333333333,.5246078431372552,.3447058823529412,.344
