domain,hdi_2024_25_survey_basis,hdi_2006_07,hdi_2018_19,hdi_2024_25_final,pace_2006_2018,pace_2018_2024,pace_2018_2024_survey,instrument_effect
Balochistan,.5371733245084311,.47,.473,.5105370542631178,.2500000000000002,6.256175710519637,10.69555408473853,.0266362702453133
Balochistan-Rural,.5062309732398668,.435,.44,.4818730670816583,.416666666666667,6.978844513609722,11.03849553997779,.0243579061582084
Balochistan-Urban,.6010871900842705,.5679999999999999,.548,.5692909282855649,-1.666666666666659,3.548488047594148,8.847865014045071,.0317962617987055
Khyber Pakhtunkhwa,.5970766140032348,.491,.546,.5773065079912952,4.583333333333337,5.217751331882533,8.512769000539119,.0197701060119395
Khyber Pakhtunkhwa-Rural,.5842599659283789,.476,.532,.5650497401597152,4.666666666666671,5.508290026619196,8.709994321396483,.0192102257686637
Khyber Pakhtunkhwa-Urban,.6581877913332187,.5629999999999999,.612,.6409476406579522,4.083333333333337,4.824606776325365,7.697965222203118,.0172401506752665
Pakistan,.6057436333240467,.529,.57,.5884840701240099,3.41666666666666,3.080678354001665,5.957272220674455,.0172595632000367
Pakistan-Rural,.5673037531130198,.483,.527,.5507079221060255,3.66666666666667,3.951320351004243,6.717292185503302,.0165958310069944
Pakistan-Urban,.6653432636231935,.606,.641,.6487989472920664,2.916666666666669,1.299824548677738,4.057210603865584,.0165443163311271
Punjab,.6137892859280731,.527,.572,.5933615824517878,3.749999999999994,3.560263741964646,6.964880988012197,.0204277034762853
Punjab-Rural,.5818741554772803,.488,.539,.5620679323273398,4.250000000000004,3.844655387889954,7.145692579546707,.0198062231499405
Punjab-Urban,.6634306459848962,.6,.631,.6429951699142977,2.583333333333336,1.999194985716287,5.405107664149367,.0204354760705985
Sindh,.6034099753888209,.529,.574,.5786572433544414,3.749999999999994,.776207225740233,4.901662564803492,.0247527320343796
Sindh-Rural,.5121491291094444,.447,.485,.4857398541674882,3.166666666666665,.123309027914705,4.524854851574075,.0264092749419562
Sindh-Urban,.6725786376313203,.599,.645,.6464448101503943,3.833333333333337,.2408016917323878,4.596439605220048,.026133827480926
