domain,sb_hdi,hdi_2018_19,survey_education_pct,survey_health_pct,survey_income_pct,survey_total_pct
Balochistan,.5371733245084311,.473,5.18672701949744,5.052633939545822,2.458565709124816,12.69792666816808
Balochistan-Rural,.5062309732398668,.44,6.593577970708786,4.878605067953318,2.527985929431409,14.00016896809351
Balochistan-Urban,.6010871900842705,.548,1.732628336455903,5.357814308513653,2.249482152242547,9.339924797212104
Khyber Pakhtunkhwa,.5970766140032348,.546,2.976747673508158,3.29865232062948,2.738636045802008,9.014036039939647
Khyber Pakhtunkhwa-Rural,.5842599659283789,.532,3.43153950400605,3.262286314615084,2.67902127497716,9.372847093598294
Khyber Pakhtunkhwa-Urban,.6581877913332187,.612,1.743863284645993,2.530129145419872,2.97501982635026,7.249012256416125
Pakistan,.6057436333240467,.57,1.430676554027255,2.895944630393795,1.803009834935287,6.129631019356337
Pakistan-Rural,.5673037531130198,.527,2.350508677266938,2.954861224860774,2.085761329592506,7.391131231720218
Pakistan-Urban,.6653432636231935,.641,-.1276008310875654,2.520519572909998,1.279402955153445,3.672321696975878
Punjab,.6137892859280731,.572,1.228411306259836,3.527663301937082,2.287804852337046,7.043879460533963
Punjab-Rural,.5818741554772803,.539,1.998723515043865,3.545359320904148,2.092625845688356,7.636708681636369
Punjab-Urban,.6634306459848962,.631,-.2831758123614599,3.244285599014903,2.116610911168188,5.077720697821631
Sindh,.6034099753888209,.574,.34678100114968,4.198945737834609,.396654425374617,4.942381164358906
Sindh-Rural,.5121491291094444,.485,.956659564934137,5.266604347176767,-.7712454428153492,5.452018469295555
Sindh-Urban,.6725786376313203,.645,-.4648431018827097,4.00301937629231,.7092471910281155,4.247423465437716
