district,province,deaths_weighted,births,u5mr_per_1000,window_years,le_west,implausible,thin,key
Dera Bugti,Balochistan,442.2680412024879,2878,203.9851277490354,10,50,0,0,dera bugti
Kohlu,Balochistan,85.92246004346885,760,131.3050451975962,10,57.94760685573209,0,0,kohlu
Zhob,Balochistan,236.104408126832,2993,125.3348224159905,10,58.81400814439105,0,0,zhob
Hafizabad,Punjab,105.004970053659,1583,108.8518851020808,10,61.32142406805033,0,0,hafizabad
Lodhran,Punjab,132.977140652367,1728,97.84896187976111,10,63.0887312934871,0,0,lodhran
Sheerani,Balochistan,85.97904743890403,2862,96.62406365995125,10,63.28587938966117,0,0,sheerani
Khairpur,Sindh,190.3081675618433,1412,95.39705122556919,10,63.48588956924708,0,0,khairpur
Tando Muhmmad Khan,Sindh,46.69390954830163,1018,92.83481597824516,10,63.91197716210411,0,0,tando muhmmad khan
Kalat,Balochistan,100.2839659591958,1873,89.79534826660174,10,64.43294551024997,0,0,kalat
Khanewal,Punjab,224.0143205934554,2247,89.22178963261207,10,64.53322933981156,0,0,khanewal
Nankana Sahib,Punjab,89.5473433881517,1599,88.47042872439914,10,64.66558087607322,0,0,nankana sahib
Muzaffargarh,Punjab,312.0357580167874,3062,86.94416097245528,10,64.93792762034391,0,0,muzaffargarh
Okara,Punjab,233.1847207162778,2168,86.45718565108351,10,65.02358399831094,0,0,okara
Khushab,Punjab,83.91819983404048,1388,84.96230932193272,10,65.27280876159222,0,0,khushab
Vehari,Punjab,198.8129134730686,2295,83.81652285234931,10,65.46682027907889,0,0,vehari
Jhang,Punjab,195.6187312050928,2477,83.6942509325691,10,65.48768051387209,0,0,jhang
Kasur,Punjab,228.7046163894439,2191,83.59071813751684,10,65.50536759641844,0,0,kasur
Chiniot,Punjab,85.0484952514722,1484,82.19943156013998,10,65.74519742418573,0,0,chiniot
Harnai,Balochistan,29.12068960177441,1123,77.51060118197883,10,66.58444920983398,0,0,harnai
Sargodha,Punjab,236.8349702921267,2267,77.21191177681064,10,66.63961908177875,0,0,sargodha
Bhakkar,Punjab,118.9982805047175,2448,76.83470231689171,10,66.70959786964089,0,0,bhakkar
TT Singh,Punjab,117.505972949741,1832,75.99327828510471,10,66.86694236513922,0,0,tt singh
Barkhan,Balochistan,62.39222217806642,1824,75.65320573031009,10,66.9310301256041,0,0,barkhan
Sibbi,Balochistan,22.98538721119117,866,75.10967993504447,10,67.03405989533137,0,0,sibbi
Faisalabad,Punjab,374.7698767738269,4456,74.87780551163314,10,67.07824066706642,0,0,faisalabad
Ghotki,Sindh,111.7784916627765,1430,73.12355258779924,10,67.4169927520588,0,0,ghotki
Rajanpur,Punjab,124.3507651361659,1917,72.37281355367465,10,67.55822763376996,0,0,rajanpur
Multan,Punjab,256.3208278560876,4097,71.31451046914161,10,67.74838738174667,0,0,multan
Pakpattan,Punjab,92.32014039204769,1371,70.93193673497599,10,67.817824854131,0,0,pakpattan
Mianwali,Punjab,83.65706767061344,2359,69.84093178467398,10,68.01791955661669,0,0,mianwali
Bahawalpur,Punjab,182.9953454827636,2306,69.42583421497007,10,68.0948721252042,0,0,bahawalpur
Sahiwal,Punjab,121.3590672976406,1910,68.69392720572809,10,68.23168384001217,0,0,sahiwal
Shaheed Benazirabad,Sindh,86.65181308356829,1185,68.60999041672611,10,68.24746680565137,0,0,shaheed benazirabad
DG Khan,Punjab,155.4981679494095,2450,68.515138693792,10,68.26532540435167,0,0,dg khan
RY Khan,Punjab,253.6997061717984,3199,68.36386986691645,10,68.29385738359137,0,0,ry khan
Layyah,Punjab,99.19965796537092,1791,67.9435647298412,10,68.37346702449528,0,0,layyah
Mandi Bahauddin,Punjab,75.90094771762158,2571,67.57250087527267,10,68.44416029713881,0,0,mandi bahauddin
Awaran,Balochistan,31.53456285696981,1868,65.71674753903689,10,68.80363830765597,0,0,awaran
Bannu,Khyber Pakhtunkhwa,103.8393401538419,1510,65.11106085242535,10,68.92316645797278,0,0,bannu
Bahawalnagar,Punjab,141.5607116294595,2148,64.34273203612784,10,69.07640096534904,0,0,bahawalnagar
Jhelum,Punjab,49.48749512906392,1314,62.99173378095957,10,69.35033389912316,0,0,jhelum
Musakhel,Balochistan,52.33009938492149,2198,62.73271989554296,10,69.40352304771848,0,0,musakhel
Sheikhupura,Punjab,147.7808291736017,2363,61.31649750218282,10,69.6982877205018,0,0,sheikhupura
Narowal,Punjab,82.50577543919258,1674,60.34226591029124,10,69.90503853484853,0,0,narowal
Sialkot,Punjab,152.6107001205478,2513,58.46052429875814,10,70.28252437049075,0,0,sialkot
Kashmore,Sindh,62.42024698193865,1873,58.27478011781384,10,70.31948594027877,0,0,kashmore
Lasbela,Balochistan,157.8410665091741,1932,55.72511079459485,10,70.8391095757574,0,0,lasbela
Tharparkar,Sindh,69.83705345491478,1143,55.43593413150793,10,70.89953902632487,0,0,tharparkar
Shikarpur,Sindh,66.80277160785329,1439,54.69541132559819,10,71.0557354489062,0,0,shikarpur
SohbatPur,Balochistan,58.88304532144004,1872,53.60921854698508,10,71.28871161518856,0,0,sohbatpur
Swat,Khyber Pakhtunkhwa,174.8496712357751,1800,52.86078825522411,10,71.45200488027484,0,0,swat
Sanghar,Sindh,75.3216328306243,1153,52.28566993231632,10,71.57906344100211,0,0,sanghar
Gujrat,Punjab,102.2283572175726,2297,52.08895388162815,10,71.62284411390895,0,0,gujrat
Mansehra,Khyber Pakhtunkhwa,102.8070552001643,1260,52.03921294060176,10,71.63394053303131,0,0,mansehra
Nowshehra,Khyber Pakhtunkhwa,91.9422941001209,1577,51.1384861380666,10,71.83673463733643,0,0,nowshehra
MirpurK Khas,Sindh,61.72873179535848,1186,50.28423218062184,10,72.03239329418922,0,0,mirpurk khas
Badin,Sindh,77.47089213255015,1289,49.86856581123889,10,72.12880312917135,0,0,badin
Jhal Magsi,Balochistan,31.796643905309,1489,49.75429463322934,10,72.15544808055317,0,0,jhal magsi
Swabi,Khyber Pakhtunkhwa,107.3885117664378,1503,49.69051573049055,10,72.17034621960546,0,0,swabi
Attock,Punjab,68.3775926464823,2112,48.48667403121942,10,72.45519712091756,0,0,attock
Kharan,Balochistan,33.79730110036259,1710,48.0427820298196,10,72.55505242236363,0,0,kharan
South Waziristan,Khyber Pakhtunkhwa,54.42431374642828,1631,47.7008028231638,10,72.62870452344904,0,0,south waziristan
Dadu,Sindh,49.08116272274169,940,47.46950218569002,10,72.67881972729293,0,0,dadu
Gujranwala,Punjab,174.1134658881104,3382,46.53306242238608,10,72.88424212244296,0,0,gujranwala
Charsadda,Khyber Pakhtunkhwa,110.5979983942179,1478,46.32223222731668,10,72.93106090991536,0,0,charsadda
Buner,Khyber Pakhtunkhwa,62.64828344867829,1609,46.20710994033117,10,72.95671599360152,0,0,buner
Lehri,Balochistan,19.43652698294882,1193,45.81244260375161,10,73.04515564219197,0,0,lehri
Laki Marwat,Khyber Pakhtunkhwa,59.15252682993936,1648,45.8026124348464,10,73.04736816324805,0,0,laki marwat
Rawalpindi,Punjab,162.1043503945006,3526,45.67437720571699,10,73.07627423324053,0,0,rawalpindi
Jacobabad,Sindh,38.5094513132419,1241,45.61851088403724,10,73.08889269637113,0,0,jacobabad
Hari Pur,Khyber Pakhtunkhwa,46.12561849047987,998,43.93779243601126,10,73.47592131593312,0,0,hari pur
Chakwal,Punjab,42.92926161805865,1753,43.62107300598039,10,73.55050945182833,0,0,chakwal
Lahore,Punjab,306.4288171591751,4379,43.33048176725218,10,73.61942227762765,0,0,lahore
Ziarat,Balochistan,38.21775619131945,1570,43.08531307918473,10,73.67792368539128,0,0,ziarat
Sukkur,Sindh,52.8699580373363,1395,42.59213577326526,10,73.79661928856538,0,0,sukkur
Karak,Khyber Pakhtunkhwa,43.6711316578626,1526,42.53815532565797,10,73.80969440902737,0,0,karak
Thatta,Sindh,37.77687543035723,1416,41.6679289862506,10,74.02280129886944,0,0,thatta
Chitral,Khyber Pakhtunkhwa,23.94597472169634,1644,40.57972282472111,10,74.29564020164511,0,0,chitral
Karachi South,Sindh,38.87573596330832,966,40.30858543982207,10,74.36475937805352,0,0,karachi south
Quetta,Balochistan,370.5458940763673,3370,40.24177862970824,10,74.38186136635659,0,0,quetta
Shahdad Kot,Sindh,43.12006619421084,1420,40.07169119672849,10,74.42553082057547,0,0,shahdad kot
Kohistan,Khyber Pakhtunkhwa,66.48642091342684,2976,38.75820189122259,10,74.76914341800749,0,0,kohistan
Peshawar,Khyber Pakhtunkhwa,206.5266904961721,2670,38.68052015122447,10,74.78982835444822,0,0,peshawar
Mohmind,Khyber Pakhtunkhwa,32.24360679698236,2496,38.64011937975853,10,74.80060261658753,0,0,mohmind
Gwadar,Balochistan,26.03476648466446,974,36.11375603525025,10,75.43956239880094,0,0,gwadar
Loralai,Balochistan,73.87190973625482,2756,35.24860435397537,10,75.66033856801324,0,0,loralai
Killa Saifullah,Balochistan,55.98919255095693,2010,33.43480899626839,10,76.14133878105429,0,0,killa saifullah
Kuram,Khyber Pakhtunkhwa,31.74366811021294,1681,33.34917800250514,10,76.1646876982341,0,0,kuram
Kech (Turbat),Balochistan,91.86366870643204,1215,33.09554445992035,10,76.23419911987793,0,0,kech turbat
Malakand,Khyber Pakhtunkhwa,32.26522867263542,1544,32.8486989152359,10,76.30236362675676,0,0,malakand
Batagram,Khyber Pakhtunkhwa,22.11000341723573,1037,32.69467933075742,10,76.34515495725788,0,0,batagram
Naushahro Feroze,Sindh,35.65550087676884,1212,32.48400549517338,10,76.40401416160103,0,0,naushahro feroze
Karachi East,Sindh,61.11306997931867,1766,32.04129262576427,10,76.52895568799626,0,0,karachi east
Torghar,Khyber Pakhtunkhwa,10.89817755587812,1802,30.62389279599365,10,76.94090899258123,1,0,torghar
Tando Allahyar,Sindh,21.86010966785926,1057,30.46220960346258,10,76.98910725032071,0,0,tando allahyar
Karachi Malir,Sindh,32.76771001289353,1131,29.55441607922083,10,77.26456595120679,0,0,karachi malir
Khyber,Khyber Pakhtunkhwa,45.22466137324134,1616,28.51187170961678,10,77.5,0,0,khyber
Karachi Central,Sindh,41.51874017598151,1135,27.53489099301765,10,77.5,0,0,karachi central
Mardan,Khyber Pakhtunkhwa,85.55077206382943,2010,27.14414848472302,10,77.5,0,0,mardan
Umer Kot,Sindh,26.43081653022562,1359,26.98524256042856,10,77.5,0,0,umer kot
Nushki,Balochistan,4.279561665152373,361,26.84730658655488,10,77.5,1,1,nushki
Dera Ismail Khan,Khyber Pakhtunkhwa,63.96720496822293,1263,26.69744436867216,10,77.5,0,0,dera ismail khan
Hyderabad,Sindh,36.10182486726502,1178,26.30947152853613,10,77.5,0,0,hyderabad
Sujawal,Sindh,17.32379581292494,1136,26.05017819279098,10,77.5,0,0,sujawal
Hangu,Khyber Pakhtunkhwa,14.82357126862395,1427,25.16579935953267,10,77.5,1,0,hangu
Kohat,Khyber Pakhtunkhwa,31.8373425921883,1579,23.83793077820662,10,77.5,0,0,kohat
Upper Dir,Khyber Pakhtunkhwa,40.92490372260343,1999,22.91063210081756,10,77.5,0,0,upper dir
Lower Dir,Khyber Pakhtunkhwa,46.36055914164456,1741,21.70662270490409,10,77.5,0,0,lower dir
Pishin,Balochistan,51.30004283522408,1360,21.31338824729967,10,77.5,0,0,pishin
Larkana,Sindh,21.95493307725321,1320,20.80728153060074,10,77.5,0,0,larkana
Jamshoro,Sindh,15.43658318676321,1056,20.26686348183249,10,77.5,0,0,jamshoro
Orakzai,Khyber Pakhtunkhwa,5.561637127909145,933,19.67833751695824,10,77.5,1,0,orakzai
Abbotabad,Khyber Pakhtunkhwa,27.9865250036609,1150,18.44165246556617,10,77.5,1,0,abbotabad
Matiari,Sindh,11.79891258152053,1122,18.24907011583687,10,77.5,1,0,matiari
Kachhi (Bolan),Balochistan,10.62377468437726,1079,18.00429897438105,10,77.5,1,0,kachhi bolan
Karachi Korangi,Sindh,25.37320374012734,1164,16.79170379704487,10,77.5,1,0,karachi korangi
Bajor,Khyber Pakhtunkhwa,29.20870891860925,1526,16.39572718254168,10,77.5,1,0,bajor
Karachi West,Sindh,36.21966316437431,1316,15.86671900012893,10,77.5,1,0,karachi west
Chaghi,Balochistan,5.522070283028466,572,14.16351940355831,10,77.5,1,0,chaghi
Tank,Khyber Pakhtunkhwa,5.564502903512577,1038,12.14681975635878,10,77.5,1,0,tank
North Waziristan,Khyber Pakhtunkhwa,5.469198558814006,987,11.03145785904436,10,77.5,1,0,north waziristan
Shangla,Khyber Pakhtunkhwa,10.45914162999251,1627,8.025902230478387,10,77.5,1,0,shangla
Jaffarabad,Balochistan,16.51405636678884,1481,7.224189487160859,10,77.5,1,0,jaffarabad
Washuk,Balochistan,3.925899627752997,1155,5.843792874436482,10,77.5,1,0,washuk
Mastung,Balochistan,2.855709396478002,622,5.707161283729056,10,77.5,1,0,mastung
Killa Abdullah,Balochistan,11.73309694641975,1035,4.394160442866446,10,77.5,1,0,killa abdullah
Panjgur,Balochistan,3.792251290226579,975,3.813419380817251,10,77.5,1,0,panjgur
Khuzdar,Balochistan,1.932682097301803,1050,.8127380554706631,10,77.5,1,0,khuzdar
Nasirabad,Balochistan,1.396398519623838,1781,.658699886550429,10,77.5,1,0,nasirabad
