province,district,district_name,province_name,literacy_15plus,ner_5_14,clusters,literacy_se_pp,ner_se_pp
punjab,islamabad,Islamabad,Punjab,83.57054300831075,53.72811207022833,50,1.729051754596757,1.873326244293667
sindh,korangi,Korangi,Sindh,83.30496250432341,37.09608257129033,54,2.213212461713435,2.403795666916658
sindh,karachi east,Karachi East,Sindh,81.34762372921152,37.15395769359347,94,2.17899054058508,1.922296064129689
sindh,karachi central,Karachi Central,Sindh,80.64484076354046,41.56837286709592,117,1.780471224312055,1.60259962391782
punjab,rawalpindi,Rawalpindi,Punjab,80.3182098570215,46.2790931779682,157,1.00953140516694,1.144961533362465
punjab,sialkot,Sialkot,Punjab,76.59477285706143,51.52775382327037,65,1.176925650622314,1.217462176324496
punjab,lahore,Lahore,Punjab,75.82606370737294,41.17192207733515,225,1.086818612344291,.8569894562431417
punjab,gujrat,Gujrat,Punjab,74.26140862586055,44.27500455325028,78,1.1125367271546,1.133549726047773
sindh,karachi south,Karachi South,Sindh,74.06740978365794,35.66681627002692,70,2.035232080039846,1.840173123945572
punjab,jehlum,Jehlum,Punjab,72.49184261585637,52.65073686918748,45,2.189228472113605,1.741985752581734
punjab,narowal,Narowal,Punjab,72.47362340485877,49.14799639672106,53,1.479061603659116,1.039241496445148
punjab,chakwal,Chakwal,Punjab,72.32030191936889,48.97014445118213,50,1.536834546537925,1.909811559441875
punjab,gujranwala,Gujranwala,Punjab,71.61067105426604,39.89892685151045,112,1.4392817624107,.9277305957335024
khyber pakhtunkhwa,abbottabad,Abbottabad,Khyber Pakhtunkhwa,70.54030783130695,45.82507871659404,34,2.484252320674408,1.966621384189624
khyber pakhtunkhwa,karak,Karak,Khyber Pakhtunkhwa,68.69283739467011,36.20207900509978,22,2.595164688139769,1.937155583253223
sindh,karachi malir,Karachi Malir,Sindh,67.06167624623721,32.16240003664729,50,4.203791804298872,3.479032777280814
punjab,mandi bahauddin,Mandi Bahauddin,Punjab,65.90238320988966,40.10489480871561,43,1.597249739101856,1.430590759734869
khyber pakhtunkhwa,haripur,Haripur,Khyber Pakhtunkhwa,65.82230648274523,44.98439330965423,37,2.450399065719734,2.69810886585905
punjab,attock,Attock,Punjab,65.74905394460366,49.43027295418852,60,1.605185915749843,1.343832407501804
sindh,karachi west,Karachi West,Sindh,65.31511989156978,29.98424075015765,83,2.410138994861978,1.739642618730715
punjab,faisalabad,Faisalabad,Punjab,64.85326363196704,42.9547193648313,175,1.35013533331452,1.026815822947947
sindh,hyderabad,Hyderabad,Sindh,64.69209518337222,37.89542529520232,71,2.663787687006279,2.204447039902488
punjab,t.t. singh,T.T. Singh,Punjab,64.21433528783307,42.4562330296609,57,1.968602250471279,1.678791003351494
punjab,sargodha,Sargodha,Punjab,63.3892608477542,45.40059596495103,95,1.810224964543133,1.144347612537707
punjab,nankana sahib,Nankana Sahib,Punjab,62.97453387464843,41.19745781336059,42,2.505571187429028,1.838419204560787
balochistan,quetta,Quetta,Balochistan,62.85503030242945,40.98411089328802,62,3.26395509525813,1.586978630133099
punjab,hafizabad,Hafizabad,Punjab,61.42394061664096,39.94462031972763,45,1.936825302021008,1.859299875034019
sindh,dadu,Dadu,Sindh,60.49975681210981,45.96894929652255,29,5.590206389914965,3.245455821637552
punjab,sheikhupura,Sheikhupura,Punjab,60.04598834946536,37.07504254164461,92,1.758987161416311,1.317790609363626
balochistan,gwadar,Gwadar,Balochistan,58.97598232098211,47.77888277839939,14,6.230625924381992,5.065566604604569
punjab,layyah,Layyah,Punjab,58.47442086490599,45.88099102634359,22,3.251773366400585,1.835808706403298
punjab,multan,Multan,Punjab,58.38655476823528,37.03648095422994,120,1.995264968920111,1.371699330301236
khyber pakhtunkhwa,mansehra,Mansehra,Khyber Pakhtunkhwa,57.71476644976055,45.24308289624429,40,2.537577046523673,2.845500899192259
punjab,jhang,Jhang,Punjab,57.5416456348696,42.0775776457594,75,2.105308132646666,1.545909865378688
khyber pakhtunkhwa,malakand,Malakand,Khyber Pakhtunkhwa,57.21378388629689,36.59031953167023,17,2.515231759231744,2.713078133394367
khyber pakhtunkhwa,peshawar,Peshawar,Khyber Pakhtunkhwa,57.041364763015,39.90930135163263,90,2.042695368303535,1.395669437884354
punjab,okara,Okara,Punjab,56.75205772247725,43.43248860039962,51,3.242773219127346,1.846119825127696
punjab,khanewal,Khanewal,Punjab,56.56047172459134,39.83064451242802,75,2.160683378488738,1.593071106131608
punjab,sahiwal,Sahiwal,Punjab,56.33716548673383,38.18384671289208,69,2.570952887825549,1.749373159564486
punjab,mianwali,Mianwali,Punjab,56.28584275038906,38.48565785971011,50,2.852997828734593,3.106978513301126
khyber pakhtunkhwa,chitral,Chitral,Khyber Pakhtunkhwa,55.96173511154554,35.43154765691063,24,2.534338873282706,1.869092447929986
punjab,khushab,Khushab,Punjab,55.72672939103228,42.80195134456265,45,2.172108301730236,1.706560718413594
sindh,larkana,Larkana,Sindh,55.48265135539057,36.42033171660059,46,3.883671927260922,3.217050604996942
balochistan,kohlu,Kohlu,Balochistan,54.96840924996938,36.62064479158276,6,8.489840889233291,7.193268571754015
punjab,kasur,Kasur,Punjab,54.91567801185116,39.99159969619818,95,1.236762327432457,1.090436959007034
khyber pakhtunkhwa,lakki marwat,Lakki Marwat,Khyber Pakhtunkhwa,53.05063964337617,31.27191897464122,21,2.985872802236868,2.984281044991261
sindh,sukkur,Sukkur,Sindh,52.4774509534054,36.08012628202938,38,3.653194478008766,3.336435596123992
khyber pakhtunkhwa,nowshera,Nowshera,Khyber Pakhtunkhwa,52.07072260492491,41.82266512021835,40,2.332182734757684,1.37908040644634
balochistan,pishin,Pishin,Balochistan,51.9782972715691,24.51879352001074,40,1.896795678544056,4.818944997245344
sindh,nowshero feroze,Nowshero Feroze,Sindh,51.92516783805979,37.48569656056445,38,4.218322532288279,2.437979826452916
khyber pakhtunkhwa,lower dir,Lower Dir,Khyber Pakhtunkhwa,51.27260756117664,32.80264729629588,49,2.395500370779913,1.696733177386405
khyber pakhtunkhwa,swat,Swat,Khyber Pakhtunkhwa,51.01137962770645,34.95510143770039,39,3.844166367627304,1.799536785667504
balochistan,mastung,Mastung,Balochistan,50.7481095992752,48.23224757300299,22,4.453155279404754,3.345189043417757
khyber pakhtunkhwa,swabi,Swabi,Khyber Pakhtunkhwa,50.62308542310875,41.23972536840063,45,2.283321062275532,1.365192546221558
khyber pakhtunkhwa,mardan,Mardan,Khyber Pakhtunkhwa,50.25804992726077,36.80454792872071,50,1.538276166004498,1.288643495609183
balochistan,nushki,Nushki,Balochistan,49.12931085857047,32.76551417928547,15,4.234078197060726,3.619061362346817
punjab,bhakhar,Bhakhar,Punjab,48.95599893890037,40.64908466854115,55,2.020894881365181,1.444927100979583
khyber pakhtunkhwa,bannu,Bannu,Khyber Pakhtunkhwa,48.89432448304494,29.1860384327594,28,2.787687394761593,2.972531066612735
sindh,jamshoro,Jamshoro,Sindh,48.21349709605777,35.04704961418879,25,5.631453540781227,4.854066571656442
punjab,vehari,Vehari,Punjab,47.75410916274893,35.15912349979011,54,2.654286187404116,1.512395569756579
punjab,lodhran,Lodhran,Punjab,47.63343862471983,30.39458271226287,45,2.782159841556847,2.780620917024919
khyber pakhtunkhwa,kohat,Kohat,Khyber Pakhtunkhwa,47.22727068419865,36.441658667894,27,2.990047605955332,2.022658525325971
sindh,khairpur,Khairpur,Sindh,46.94763104110525,29.650237110526,65,2.181475086784493,1.61136656077372
sindh,matiari,Matiari,Sindh,46.71682325150594,29.19521852002119,23,4.380565968750759,3.008206910183695
punjab,pakpattan,Pakpattan,Punjab,46.64255177773752,42.88313822229163,56,1.847323690959163,1.548821334064204
punjab,d. g. khan,D. G. Khan,Punjab,46.48236124045355,37.78287346198614,53,3.126817817595298,2.148880170619298
balochistan,loralai,Loralai,Balochistan,46.45409318247361,35.11247967853972,19,5.104989369961999,2.265377862874541
punjab,bahawalnagar,Bahawalnagar,Punjab,46.22951623300529,37.85921060681548,82,2.226069031845137,1.463974137774143
sindh,shahdadkot,Shahdadkot,Sindh,46.04194887842279,36.00228465164418,35,3.307117658451209,3.40656846181375
khyber pakhtunkhwa,charsada,Charsada,Khyber Pakhtunkhwa,45.50256139452151,35.54339292194513,45,1.842955541829223,1.74418198243475
balochistan,awaran,Awaran,Balochistan,45.34851950497668,37.81157734086676,13,15.11221252076247,4.720728519519206
punjab,bahawalpur,Bahawalpur,Punjab,45.10459995206674,32.8970286067675,108,2.458574344486346,1.294183541108162
punjab,chiniot,Chiniot,Punjab,44.95417680044422,39.94353517004748,45,2.450692420404175,1.540103476623094
balochistan,kech/turbat,Kech/Turbat,Balochistan,44.44429625741149,38.57988592304761,26,5.540897404429425,3.273965140130703
balochistan,washuk,Washuk,Balochistan,44.03310531928285,37.61116413152735,19,8.550802567593967,6.525572928696702
sindh,sanghar,Sanghar,Sindh,43.66472753719913,29.67416247187085,46,3.484937477983305,2.150010078233104
punjab,rahim yar khan,Rahim Yar Khan,Punjab,43.57689536649026,30.85590309232605,83,2.267974534258465,1.461015073963033
sindh,shaheed banazir abad,Shaheed Banazir Abad,Sindh,42.89358843266433,35.09230344031729,46,2.433566834030938,1.823631332930256
balochistan,lasbela,Lasbela,Balochistan,42.81444495951946,24.80753634613864,12,5.711171596166582,4.112486683498433
sindh,shikarpur,Shikarpur,Sindh,42.1106794013654,32.2556904645995,33,4.780583013262962,3.856640254403439
sindh,mir pur khas,Mir Pur Khas,Sindh,41.52064253759051,27.31185150920477,45,4.224150697279247,2.390209196239729
khyber pakhtunkhwa,khyber,Khyber,Khyber Pakhtunkhwa,41.23150030865149,26.32228375268224,27,1.754791384010551,1.980381825036136
balochistan,ziarat,Ziarat,Balochistan,41.07983084537985,22.17047345724828,15,6.497008330914116,3.394078149006091
punjab,muzaffar garh,Muzaffar Garh,Punjab,40.86421702059676,32.1230998779326,108,2.243661313975982,1.352448034803917
balochistan,kharan,Kharan,Balochistan,40.71208586883854,35.42857807367387,20,3.869735377119933,4.901594451897492
balochistan,sibbi,Sibbi,Balochistan,40.37854260388025,17.03088960913874,22,10.13064418297326,3.776510059689043
balochistan,kachhi/ bolan,Kachhi/ Bolan,Balochistan,40.25469973062442,19.25082721711842,20,6.435054658220825,4.189490827097035
khyber pakhtunkhwa,tank,Tank,Khyber Pakhtunkhwa,39.14010269046019,31.05358284939832,15,5.643436985811685,5.409757452002422
sindh,tando allah yar,Tando Allah Yar,Sindh,38.93476949603568,28.57151296958422,26,3.74419134102892,3.159080889920471
khyber pakhtunkhwa,d. i. khan,D. I. Khan,Khyber Pakhtunkhwa,38.2922877431301,29.6934671355525,40,3.778789051921009,2.191316226055419
khyber pakhtunkhwa,north waziristan,North Waziristan,Khyber Pakhtunkhwa,38.17887333252689,21.50059702994603,22,1.846645242336176,1.499752296304854
sindh,jacobabad,Jacobabad,Sindh,37.54095468486896,30.72707464231625,34,3.990252216520239,2.903370911855942
sindh,ghotki,Ghotki,Sindh,37.51525246416743,28.34344668034419,50,2.988988150157661,2.055604967304927
balochistan,qilla saifullah,Qilla Saifullah,Balochistan,37.49614868542184,26.18684107258565,17,4.176259819773788,3.831226823410676
khyber pakhtunkhwa,upper dir,Upper Dir,Khyber Pakhtunkhwa,37.17460588534135,31.24374476430079,38,2.675268365626197,2.529984129131975
khyber pakhtunkhwa,orakzai,Orakzai,Khyber Pakhtunkhwa,37.14731487440332,25.5854784794383,15,3.081420184257063,2.448291602786531
punjab,rajanpur,Rajanpur,Punjab,37.10008997117107,29.2102773320066,44,3.282254943222711,2.645849160609755
balochistan,sohbatpur,Sohbatpur,Balochistan,35.83755915991963,27.72843182530231,7,8.568827082935165,5.820787308323292
balochistan,qilla abdullah,Qilla Abdullah,Balochistan,35.76246174277201,20.03361154294548,24,3.787359265845378,2.735061604660091
balochistan,harnai,Harnai,Balochistan,35.70406221937079,17.35130224371705,16,8.21170718032279,4.091805945844015
khyber pakhtunkhwa,kurram,Kurram,Khyber Pakhtunkhwa,35.6226005853383,21.8871536855428,18,3.516358401208107,2.306731044910068
khyber pakhtunkhwa,bunair,Bunair,Khyber Pakhtunkhwa,35.48914922290339,37.14698404686355,22,2.64577167399233,2.309996876658254
khyber pakhtunkhwa,batagram,Batagram,Khyber Pakhtunkhwa,35.42727319578337,28.12272615815728,20,3.249642496491255,2.759228787498931
sindh,umer kot,Umer Kot,Sindh,35.3852637564961,32.78779008827506,26,4.198186686639057,2.83357870003239
sindh,badin,Badin,Sindh,34.41663283212876,21.28291141980265,47,4.589068117502211,2.188954262454626
sindh,thatta,Thatta,Sindh,33.94191777053494,15.16821648477683,34,4.750030346737967,1.982137634077604
khyber pakhtunkhwa,hangu,Hangu,Khyber Pakhtunkhwa,31.24337809782905,31.4550191891247,25,4.302627026799187,1.250501628604385
balochistan,jaffarabad,Jaffarabad,Balochistan,31.22578028049006,29.02036052271153,22,5.426390195162876,3.288522266378521
khyber pakhtunkhwa,south waziristan,South Waziristan,Khyber Pakhtunkhwa,30.7223764171275,22.29937304507723,18,3.073988419516839,3.876355137055588
sindh,tando muhammad khan,Tando Muhammad Khan,Sindh,30.02156927035047,23.84297061353725,30,4.002543456892202,3.038600489431029
khyber pakhtunkhwa,shangla,Shangla,Khyber Pakhtunkhwa,29.90324664596596,22.85173460560156,16,2.644531111072244,2.073616306064338
sindh,sujawal,Sujawal,Sindh,29.55732844785356,23.0188746924372,26,4.902173513059016,2.952146138991796
sindh,kashmore,Kashmore,Sindh,29.38507025306667,24.74181036873048,25,5.408414517939296,4.07536931526651
balochistan,duki,Duki,Balochistan,28.74610254564895,25.64996972434432,10,3.316866943630337,3.991514097769428
balochistan,kalat,Kalat,Balochistan,28.50764706689364,38.45512450753905,26,3.863388967102134,4.703265382031268
khyber pakhtunkhwa,tor garh,Tor Garh,Khyber Pakhtunkhwa,27.43703665636807,22.24113318977282,15,3.03913754078177,2.691479295576396
khyber pakhtunkhwa,kohistan,Kohistan,Khyber Pakhtunkhwa,27.27584578538264,16.72515328493784,54,1.665669242018762,1.809059464440024
balochistan,nasirabad/ tamboo,Nasirabad/ Tamboo,Balochistan,26.87863567345992,20.64373285399321,22,4.345872690987061,2.567043363789026
sindh,tharparkar,Tharparkar,Sindh,25.8552022412827,30.89851523669068,36,2.741488572831452,2.820365720555562
balochistan,barkhan,Barkhan,Balochistan,25.69287777146513,31.05843016583603,18,6.064017380679312,3.268600963778538
khyber pakhtunkhwa,bajur,Bajur,Khyber Pakhtunkhwa,23.98729187961633,17.46376150657656,30,2.1878705676751,3.06076664400383
balochistan,dera bugti,Dera Bugti,Balochistan,23.64229260856703,23.52941648802954,19,8.115863684656736,6.279877207158793
khyber pakhtunkhwa,mohmand,Mohmand,Khyber Pakhtunkhwa,20.49249101141798,19.51628799239694,17,3.717101196817706,2.53298859324177
balochistan,khuzdar,Khuzdar,Balochistan,18.14650046988197,29.73221507975176,27,3.349152575968249,4.272242242316306
balochistan,sherani,Sherani,Balochistan,13.6031430499394,19.95184063229454,7,3.705332347712452,4.307259852348933
balochistan,shaheed sikandar abad,Shaheed Sikandar Abad,Balochistan,10.76715150051674,17.11303030509015,12,3.43886090622467,2.972916006665325
