province_name,division_name,pop_w,districts,literacy_15plus,ner_5_14,life_years,pci_ppp,education_index,health_index,income_index,hdi,classification
Sindh,Karachi,16238413.07943344,6,75.05683236960068,35.47521799844134,76.95599232355842,9104.985327720622,.6186296091254757,.7993229588239756,.6530930834284128,.6860819990565942,Medium human development
Punjab,Rawalpindi,8257645.084121704,4,75.86909046697438,47.93228358972075,72.59857157736006,5966.320940284318,.6655682150788983,.7322857165747702,.5919022037398018,.6607558718850471,Medium human development
Punjab,Gujranwala,14157328.22320938,6,72.21915238457927,44.66149528263426,70.52700129339325,5149.445485903908,.6303326668393093,.7004154045137424,.5705868216300413,.6315616446028764,Medium human development
Punjab,Lahore,18025832.55851936,4,69.0102441168322,40.28445147314924,71.109349633007,6113.571072557481,.594349799022712,.7093746097385693,.5954316551360209,.6308361315494142,Medium human development
Khyber Pakhtunkhwa,Hazara,5207731.339154243,6,54.33904344784066,38.20225934568158,73.89573791025111,4030.660772986496,.4896011541378764,.752242121696171,.5351254162520065,.5819493934401355,Medium human development
Punjab,Faisalabad,12780152.01296997,4,61.28631572515846,42.40147056449161,66.59433642983869,4706.165956176711,.549913673382695,.6399128681513645,.5575557459601947,.5810781599294651,Medium human development
Balochistan,Quetta,4151032.04012394,4,54.2322741895619,33.09769800410249,75.56702287701013,3980.330208729769,.4718741546107543,.7779541981078482,.5333063675656415,.5806561045911249,Medium human development
Punjab,Sahiwal,6274209.043693542,3,54.09706466544857,41.51844109106747,66.8049802815998,5758.577417456981,.4990419014065486,.6431535427938431,.5867717366008844,.5732010206672924,Medium human development
Khyber Pakhtunkhwa,Mardan,3721123.770393372,2,50.40746752668183,38.61997019198311,75.31844756833289,3615.91090982692,.4647830174844892,.7741299625897367,.5194059072081141,.5717291526650337,Medium human development
Khyber Pakhtunkhwa,Peshawar,8469644.140537262,5,50.77592458772826,37.03685289475152,74.2711493902995,3926.951415059973,.4619623402340268,.7580176829276846,.5313518427117432,.570894729431438,Medium human development
Balochistan,Mekran,1077734.059253693,2,47.35834979859131,40.42456996345229,76.07484982339051,3768.949940005547,.4504708985354497,.785766920359854,.5254067896987551,.5708018702407162,Medium human development
Punjab,Sargodha,6985399.855579376,4,58.04219814701092,42.79028789539525,66.70188608078345,3850.218229243753,.5295822806313903,.6415674781658993,.5284951152968049,.5641642834431634,Medium human development
Sindh,Hyderabad,8941266.902500153,9,46.87953883722424,30.80720668788573,74.28285344393879,4922.200132490203,.4152209478744473,.758197745291366,.5640530892572433,.562074533571414,Medium human development
Khyber Pakhtunkhwa,Kohat,2890194.060110092,5,46.09504989633242,32.16167198096272,76.42331463934036,3671.957119551559,.4145059059120918,.7911279175283132,.5216325336489075,.555112109090302,Medium human development
Sindh,Larkana,5188679.755111694,5,42.96728285272295,32.47190237943641,73.35000324476189,4503.379145086069,.3946882269496077,.7438462037655675,.5511795040980916,.5449334420056925,Low human development
Punjab,Multan,10917987.74609375,4,53.86667106785315,36.43921245783283,65.75824318627606,4022.634798722831,.4805751819784638,.6270498951734779,.5348368687493037,.5442038276494094,Low human development
Khyber Pakhtunkhwa,Malakand,7317669.898553848,8,43.74700885493316,31.3765115228191,74.82461797147883,3560.116644444386,.3962350974422847,.7665325841765974,.5171547425086219,.5395537202241159,Low human development
Khyber Pakhtunkhwa,Bannu,2617415.796516418,3,48.14884294087733,28.34612644716755,70.98808512014615,3934.652715944904,.4154793744297407,.7075090018484024,.5316354687581958,.5386398273237533,Low human development
Sindh,Shaheed Benazirabad,4525294.250583649,3,45.65002828855518,33.29272141157792,71.92263728163307,3312.580456011936,.4153092599622943,.7218867274097396,.5067221450749734,.5335848849277153,Low human development
Khyber Pakhtunkhwa,D.I. Khan,2608932.181236267,3,36.67364027316911,28.18783651742798,76.269971871317,4826.038756666623,.338450390212554,.7887687980202615,.5611969350977372,.531112688967794,Low human development
Sindh,Sukkur,5204369.871353149,3,45.6207801300331,30.87172557950717,67.16904765113088,4986.333288800358,.4070442861319112,.6487545792481674,.5659271011933257,.5306736580525164,Low human development
Punjab,Bahawalpur,11133096.61356354,3,44.75982148892757,33.33542117347575,68.43295791584831,3684.452024318808,.4095168805044362,.6681993525515124,.5221243019654432,.5227779428902726,Low human development
Punjab,DG Khan,10534017.56408691,4,44.65539417830426,35.41361551779087,66.84572341837455,3197.494800466064,.4157480129146646,.6437803602826854,.5016032823110349,.5120465273615844,Low human development
Balochistan,Kalat,1943161.304057121,7,36.77248654451884,33.04699165456964,72.3735806068288,3126.846153452585,.3553065491453577,.7288243170281353,.4983688378953602,.5053500526374229,Low human development
Balochistan,Zhob,916437.362493515,4,33.67607931102931,29.31777637821158,71.68364876393953,3648.913141355573,.3222331166675674,.718209980983685,.5207211751839459,.4939416129590298,Low human development
Sindh,Mirpurkhas,3808534.724563599,3,33.10627959790669,30.31081898484761,72.98109339750511,2104.964082648254,.3217445939355366,.7381706676539247,.4410815632653448,.4714065896952454,Low human development
Balochistan,Nasirabad,1342087.763222694,4,31.7822503772129,24.48614642369962,72.53124188404674,2678.537020071901,.2935021572604181,.7312498751391806,.4759658843787656,.4674670192194076,Low human development
Balochistan,Sibi,892944.9729099274,5,36.21819530840374,21.41437215480736,62.33904705426441,3432.61928356831,.3128358759053829,.5744468777579139,.5118752126367876,.4514158892362399,Low human development
