division_name,province,deaths_weighted,births,u5mr_per_1000,window_years,le_west
Sibi,Balochistan,637.9508612331937,8390,132.6428608583561,10,57.75887027285457
Multan,Punjab,812.1252025749748,10367,82.48560504945513,10,65.69553695433068
Faisalabad,Punjab,772.9430761801365,10249,77.88658324297215,10,66.51530434136916
Sahiwal,Punjab,446.8639284059658,5449,77.46557076381589,10,66.592752996667
Sargodha,Punjab,523.4085183014979,8462,76.94211673807317,10,66.68963573782736
DG Khan,Punjab,691.0843490677336,9220,76.437595754556,10,66.78364010054692
Sukkur,Sindh,354.9566172619566,4237,74.09615467950881,10,67.22818896694021
Zhob,Balochistan,566.6668794159384,14643,69.60929405971295,10,68.06080497021435
Bahawalpur,Punjab,578.2557632840208,7653,67.64878793674367,10,68.42959481060031
Gujranwala,Punjab,692.3642164367047,14020,58.93876337548554,10,70.18789650491617
Lahore,Punjab,772.4616061103701,10532,58.46956255921354,10,70.28072882825484
Shaheed Benazirabad,Sindh,197.6289467909616,3550,52.12984974643875,10,71.61372882622284
Bannu,Khyber Pakhtunkhwa,168.4610655425953,4145,49.62141400205122,10,72.18650931753866
Rawalpindi,Punjab,322.8986997881042,8705,47.99591248612989,10,72.56511566141583
Mirpurkhas,Sindh,157.996601780499,3688,45.83222671045306,10,73.04070418171807
Larkana,Sindh,232.807469174498,7293,43.83362842926719,10,73.50039267162586
Peshawar,Khyber Pakhtunkhwa,486.5352511607334,9837,40.76360494860521,10,74.24902671455214
Hyderabad,Sindh,313.5440659502841,10212,38.86182901633006,10,74.74161424443194
Hazara,Khyber Pakhtunkhwa,276.4138005808461,9223,37.95039617538787,10,74.9862996056923
Kalat,Balochistan,332.1711875472351,10210,37.94007438025893,10,74.98910414330813
Mardan,Khyber Pakhtunkhwa,192.9392838302678,3513,36.45342956253872,10,75.3543245543666
Malakand,Khyber Pakhtunkhwa,420.6624714916331,13490,32.23640732563548,10,76.47367940119206
D.I. Khan,Khyber Pakhtunkhwa,123.9560216181637,3932,31.38776929407183,10,76.71658299380285
Quetta,Balochistan,443.3806658061916,6698,30.85406182878281,10,76.87273207260105
Kohat,Khyber Pakhtunkhwa,127.6373507567971,7146,30.60972153421337,10,76.9451233027814
Mekran,Balochistan,121.690686481323,3164,28.25449449236384,10,77.5
Karachi,Sindh,235.8681230360035,7478,25.58558697809721,10,77.5
Nasirabad,Balochistan,119.2139187975387,7702,18.21638951808602,10,77.5
