domain,year,no_care_f,evm1519_f,seats_f,seats_m,sec_f,sec_m,lfpr_f,lfpr_m,pub_g_f,pub_g_m,pub_harm,pub_gii,pub_health_bar,pub_emp_bar,pub_lfpr_bar,pub_g_fm,gii_health_f,gii_emp_f,gii_emp_m,gii_g_f,gii_g_m,gii_harm,gii_health_bar,gii_emp_bar,gii_lfpr_bar,gii_g_fm,gii_gii
Pakistan,2006_07,63,20.3,21.3,78.7,33,54,19.6,69.5,.113,.768,.197,.582,.514,.459,.446,.472,.0279628675959383,.2651226131434284,.6519049010400213,.1132647706124618,.7680503361369838,.197416439307925,.5139814337979691,.4585137570917249,.4455,.4717542668031411,.5815269660500917
Punjab,2006_07,63,16.9,19.7,80.3,37,54,22.8,70.2,.124,.773,.213,.5570000000000001,.515,.464,.465,.481,.0306468874188306,.2699814808463721,.6584982915695378,.1235620386255674,.7732096309767998,.2130739886793672,.5153234437094153,.464239886207955,.465,.4809409624127339,.5569643566843627
Sindh,2006_07,59,20.7,19.6,80.40000000000001,35,57,15.3,71,.105,.783,.185,.607,.514,.469,.431,.471,.0286146752511392,.2619160170741759,.6769638099632801,.1046680428129021,.783323700640987,.1846615337123552,.5143073376255696,.469439913518728,.4315,.4705377927157011,.607552174190761
Khyber Pakhtunkhwa,2006_07,68,31.5,18.5,81.5,23,53,16,64.7,.089,.752,.16,.642,.511,.432,.403,.446,.0216067907850721,.2062765134473627,.657229031616833,.089341521411836,.75198124072343,.1597083809996568,.5108033953925361,.4317527725320979,.4035,.4464547862349675,.6422742326350537
Balochistan,2006_07,76,24.3,18.5,81.5,11,36,10.3,67.40000000000001,.07,.715,.127,.6879999999999999,.512,.342,.388,.408,.0232696615717609,.142653426176871,.5416641025580337,.0699256479762226,.7147102058845596,.127387944396853,.5116348307858805,.3421587643674524,.3885,.4081874032480117,.6879179921202687
Pakistan,2018_19,41.5,20,20.2,79.8,44,63,20.1,68,.128,.784,.22,.548,.517,.504,.441,.486,.0347105067250312,.2981274895074253,.7090416066776335,.1276496646102848,.7841398844854659,.2195576673616946,.5173552533625155,.5035845480925294,.4404999999999999,.4859620894034179,.5482000095290758
Punjab,2018_19,36.5,17,20.1,79.90000000000001,52,65,26.5,69.90000000000001,.151,.796,.254,.5,.52,.522,.482,.508,.040144782295185,.323295530436163,.7206594202534232,.150947141738734,.7956750643180176,.2537546149733732,.5200723911475925,.5219774753447931,.482,.5076770524943918,.5001652847482674
Sindh,2018_19,40,18.5,18.1,81.90000000000001,40,61,12.1,68.5,.106,.785,.187,.599,.518,.488,.403,.467,.0367607311046904,.2690724809414742,.7068168079495564,.1061727169813426,.7852340916500776,.1870536239337553,.5183803655523452,.4879446444455153,.403,.4671338962723718,.5995717171748762
Khyber Pakhtunkhwa,2018_19,51,31.8,17.6,82.40000000000001,30,64,11.3,61.1,.087,.763,.155,.652,.512,.478,.362,.446,.0248314083530149,.2297825058615212,.7261955659462539,.0863904200342131,.762719648364749,.15520171822911,.5124157041765075,.4779890359038875,.362,.445912498684243,.6519457994851798
Balochistan,2018_19,61.5,23.9,16.9,83.09999999999999,19,44,7.9,63.8,.072,.728,.131,.6860000000000001,.513,.392,.359,.416,.0260833573653544,.1791926337771729,.6046817344686376,.0717414657063017,.7279739571444631,.1306112579281997,.5130416786826772,.3919371841229052,.3585,.4161846823728145,.6861699542050919
