code,shareBalochistan,shareKhyber_Pakhtunkhwa,sharePunjab,shareSindh,sub_sector
A.1.i,5.462592253200617,5.206351521875682,66.48572528259042,22.84533094233327,Important Crops
A.1.ii,5.462592253200617,5.206351521875682,66.48572528259042,22.84533094233327,Other Crops
A.1.iii,2.218898881882867,.1829025014204999,55.4906902278634,42.10750838883324,Cotton Ginning
A.2,4.103935664211065,14.45144878472541,60.54642389058633,20.89819166047718,Livestock
A.3,8.079488908029264,38.29930542323619,41.5877118971834,12.03349377155114,Forestry
A.4,.1200007580683037,2.807328651105855,83.9189858281882,13.15368476263764,Fishing
B.2.i,2.7773929891172,6.660086587855268,45.94181579186539,44.62070463116214,Large Scale Manufacturing
B.2.ii,1.93563792761687,11.95869616326079,68.51725679830729,17.58840911081506,Small Scale Manufacturing
B.2.iii,7.10205602641875,14.82545206862803,55.52807577939225,22.54441612556098,Slaughtering
B.3,10.93829158191621,15.07361002941377,45.07262705007902,28.91547133859101,Electricity Gas and Water supply
B.4,12.3048463240051,17.10710340149706,33.07124665350756,37.51680362099027,Construction
C.1,2.187823386522394,8.592973513332311,63.14862193745522,26.07058116269008,Wholesale and Retail trade
C.10,2.732064035913797,9.511254118065454,64.38610661182204,23.37057523419871,Other Private Services
C.2,2.130938616738981,7.952873701353866,62.57837047105579,27.33781721085137,Transportation and Storage
C.3,5.493545661399605,13.05947358927051,56.58931165325375,24.85766909607613,Accommodation and Food Services
C.4,2.553394410566169,5.465521227710181,64.25067194589752,27.73041241582613,Information and Communication
C.6,3.722369676408054,10.02918128715234,55.97173546482323,30.27671357161638,Real Estate Activities Ownership of Dwellings
C.7,13.56373344574022,12.89367842502619,44.53425202221876,29.00833610701483,Public Administration and Social Security
C.8,8.658325247384346,18.83076984112243,49.02984086503617,23.48106404645705,Education
C.9,6.243571408295956,13.02029650094918,48.05815949140765,32.67797259934721,Human Health and Social Work
