year,domain,quintile,lit_reproduced,lit_pub,ner_reproduced,ner_pub,le_pdhs,le_pub,u5mr_per_1000,births,pci_micro,pci_pub,cons,m_education_index,p_education_index,m_health_index,p_health_index,m_income_index,p_income_index,hdi_e,hdi_eh,hdi_ehi,p_hdi,m_classification,p_classification,e_education_index,e_health_index,e_income_index,e_classification,eh_education_index,eh_health_index,eh_income_index,eh_classification
2006-07,Balochistan,All,34.9753650719229,35,20.60068509228357,20.6,70.13355638125796,68.5,59.21515885045092,2292,2372.451863319098,3486,12868.56651013433,.3018380507870979,.302,.6943624058655071,.6692307692307692,.4583991364736473,.5141091275913248,.4700402704391383,.475851928557799,.4580026518278639,.4701243210763585,Low human development,Low human development,.3018380507870979,.6692307692307692,.5141091275913248,Low human development,.3018380507870979,.6943624058655071,.5141091275913248,Low human development
2006-07,Balochistan,Q1,18.09660214088794,19,9.293316760675966,9.199999999999999,68.35689450525624,66.8,68.03084709910013,727,1297.68283374724,1815,7038.843701458004,.1516217368081728,.1573333333333333,.6670291462347113,.643076923076923,.371056186552067,.4196255431240437,.3445842603539062,.3488103782957487,.3347973293736028,.3488578729340561,Low human development,Low human development,.1516217368081728,.643076923076923,.4196255431240437,Low human development,.1516217368081728,.6670291462347113,.4196255431240437,Low human development
2006-07,Balochistan,Q2,25.35834939878529,23.1,15.06205817660347,15.5,68.16446131985106,62.8,69.05258086996635,569,1712.446449642184,2338,9288.58931680666,.2192625232472468,.2056666666666667,.6640686356900163,.5815384615384614,.4112056664804109,.4562815022752737,.3874882798680515,.4050140411355271,.3912119890615585,.3793077693397156,Low human development,Low human development,.2192625232472468,.5815384615384614,.4562815022752737,Low human development,.2192625232472468,.6640686356900163,.4562815022752737,Low human development
2006-07,Balochistan,Q3,36.80401406354273,30.7,22.03262591510153,23.4,74.73001003138813,68.40000000000001,38.90559332518262,564,2096.031559323606,3124,11369.21762060994,.3188021801406232,.2826666666666666,.7650770774059713,.6676923076923078,.4404659391345754,.4982370084017541,.473345093317332,.495321848911187,.4753858686954172,.4547391209060524,Low human development,Low human development,.3188021801406232,.6676923076923078,.4982370084017541,Low human development,.3188021801406232,.7650770774059713,.4982370084017541,Low human development
2006-07,Balochistan,Q4,38.17427455582433,42.2,26.65789550491461,26.5,69.0663208827975,73.8,64.39299452854941,236,2624.833375862511,3769,14237.52506744284,.3433548153885442,.3696666666666666,.6779433981968845,.7507692307692307,.4730339132168182,.5254087124832015,.5135494786591845,.4963765804592836,.4793024166716631,.5263460187425306,Low human development,Low human development,.3433548153885442,.7507692307692307,.5254087124832015,Low human development,.3433548153885442,.6779433981968845,.5254087124832015,Low human development
2006-07,Balochistan,Q5,51.44669769903446,55.2,34.55063753216015,33.2,77.08273755060941,70.8,30.1505583766114,196,4130.796805755216,6384,22406.11675060218,.4581467764340968,.4786666666666667,.8012728853939909,.7046153846153845,.5386779441732131,.6016976261142243,.5791330520659925,.6044881523260675,.582601267712068,.5876533300908776,Medium human development,Medium human development,.4581467764340968,.7046153846153845,.6016976261142243,Medium human development,.4581467764340968,.8012728853939909,.6016976261142243,Medium human development
2006-07,Balochistan-Rural,All,28.50670324455872,28.5,17.62849008882174,17.6,68.61684184336927,67.59999999999999,66.67460649206735,1602,2223.024679112146,3254,12058.04905006705,.2488063219264639,.2486666666666666,.671028336051835,.6553846153846153,.4489814280285778,.5041391828669466,.4348131823596116,.4382456103500468,.4216416938213002,.4347318134290952,Low human development,Low human development,.2488063219264639,.6553846153846153,.5041391828669466,Low human development,.2488063219264639,.671028336051835,.5041391828669466,Low human development
2006-07,Balochistan-Rural,Q1,14.90954844003157,16.7,7.799452719470349,8.300000000000001,68.3147892749499,68.40000000000001,68.25310707011877,707,1267.441862024748,1820,6874.811730163318,.1253951653317783,.139,.6663813734607678,.6676923076923078,.3676426824104901,.4200237959950249,.3276249896850717,.3274104316701386,.313191420041657,.339069211426643,Low human development,Low human development,.1253951653317783,.6676923076923078,.4200237959950249,Low human development,.1253951653317783,.6663813734607678,.4200237959950249,Low human development
2006-07,Balochistan-Rural,Q2,18.34445899192342,16.1,11.49421939599956,11.3,66.64953436429417,63.6,77.15835263683179,437,1650.081220277479,1988,8950.310123703581,.1606104579328213,.145,.6407620671429872,.5938461538461539,.4058351071925541,.4328054600204315,.3456051189585417,.3544767715930248,.3469552066410125,.3340244265441112,Low human development,Low human development,.1606104579328213,.5938461538461539,.4328054600204315,Low human development,.1606104579328213,.6407620671429872,.4328054600204315,Low human development
2006-07,Balochistan-Rural,Q3,29.12170907439915,21.6,19.64144534796885,18.6,74.0182114143953,66.5,41.68648296530064,361,1989.060100863811,2991,10788.98695327404,.2596162116558905,.206,.7541263294522353,.6384615384615384,.4328826352796499,.4919388043437726,.4336365460368409,.4583835226930664,.4392536298366651,.4014557480774367,Low human development,Low human development,.2596162116558905,.6384615384615384,.4919388043437726,Low human development,.2596162116558905,.7541263294522353,.4919388043437726,Low human development
2006-07,Balochistan-Rural,Q4,32.26004916273435,36.9,24.41302118942195,26.3,63.23259372405177,70,96.95361192872043,83,2476.142689096805,3611,13431.00248982345,.2964437317163021,.3336666666666667,.5881937496007964,.6923076923076923,.4645918891765861,.5192091628089421,.4740905066763353,.4490227461876734,.4326912373413145,.4931565162764963,Low human development,Low human development,.2964437317163021,.6923076923076923,.5192091628089421,Low human development,.2964437317163021,.5881937496007964,.5192091628089421,Low human development
2006-07,Balochistan-Rural,Q5,43.05695670348211,47.6,29.24703402277565,27.6,69.98291160478772,69.2,59.97934625754075,14,3730.800456712189,5862,20236.4712032865,.3845364914324663,.4093333333333333,.692044793919811,.68,.5239340070852355,.5893486047008055,.5361334578755818,.5392804481007742,.5185406222575529,.5474184468764647,Low human development,Low human development,.3845364914324663,.68,.5893486047008055,Low human development,.3845364914324663,.692044793919811,.5893486047008055,Low human development
2006-07,Balochistan-Urban,All,55.10510711693041,55.1,30.1828541113827,30.2,76.50427321549472,71.90000000000001,32.12827066522073,690,2855.170881508068,4223,15486.91332985903,.467976894484145,.468,.7923734340845342,.7215384615384616,.4852107019376981,.5418736938083024,.5677110163207265,.5857120089355146,.5645402305492281,.5677203594030945,Medium human development,Medium human development,.467976894484145,.7215384615384616,.5418736938083024,Medium human development,.467976894484145,.7923734340845342,.5418736938083024,Medium human development
2006-07,Balochistan-Urban,Q1,39.85631329951797,41.7,20.77544115628766,20.5,71.53728753105766,70.09999999999999,52.47407076604127,20,1473.742015468893,1767,7993.817467094395,.3349602258510787,.3463333333333334,.7159582697085793,.6938461538461538,.3894738217206258,.4157455165022547,.4588752845045564,.4636990167110837,.4537184163271986,.4640110797164899,Low human development,Low human development,.3349602258510787,.6938461538461538,.4157455165022547,Low human development,.3349602258510787,.7159582697085793,.4157455165022547,Low human development
2006-07,Balochistan-Urban,Q2,54.33865150031865,51.3,27.60442938916668,29.8,77.34571535237849,70.5,29.29217790639838,132,2006.25553723671,2754,10882.25780949527,.4542724412993466,.4413333333333333,.8053186977288999,.7,.4341287494657287,.4799879786403015,.534418639572086,.5599787043141538,.5415446132134458,.5292957136346916,Low human development,Low human development,.4542724412993466,.7,.4799879786403015,Low human development,.4542724412993466,.8053186977288999,.4799879786403015,Medium human development
2006-07,Balochistan-Urban,Q3,55.98276021652543,54,28.93273630962288,29,76.49314631016729,71.8,32.16755770163826,203,2477.99564254144,3444,13441.05321203668,.4696608558089124,.4566666666666667,.7922022509256507,.72,.4647001794502769,.5123543809272058,.5574797610215382,.5755242537640037,.5570973498018605,.5522903067239472,Medium human development,Medium human development,.4696608558089124,.72,.5123543809272058,Medium human development,.4696608558089124,.7922022509256507,.5123543809272058,Medium human development
2006-07,Balochistan-Urban,Q4,54.78299234413241,59.3,31.75323605483089,35.7,74.61102187613196,72.7,39.35720065450832,153,3106.723029391484,4607,16851.37327775281,.4710640691436523,.5143333333333333,.7632464904020301,.7338461538461539,.4974341789179842,.5544727374175598,.5765740158291568,.5841732473106689,.5634129252736035,.59371309842588,Medium human development,Medium human development,.4710640691436523,.7338461538461539,.5544727374175598,Medium human development,.4710640691436523,.7632464904020301,.5544727374175598,Medium human development
2006-07,Balochistan-Urban,Q5,66.9325313718349,65.90000000000001,46.25612632891011,39.9,77.5,74.2,24.96531449575812,182,5210.006618365113,8545,28259.92709199756,.6004039635752664,.5723333333333334,.8076923076923077,.7569230769230769,.5722794249973221,.6439040223522519,.6639042950237457,.6784276584635905,.6522777180111382,.6533922439041198,Medium human development,Medium human development,.6004039635752664,.7569230769230769,.6439040223522519,Medium human development,.6004039635752664,.8076923076923077,.6439040223522519,Medium human development
2006-07,Khyber Pakhtunkhwa,All,42.95488638897005,43,31.30243194624629,31.3,67.12471609351445,65.7,74.63466054899337,3676,2934.202780489232,2839,15915.59526190821,.3907073490806213,.391,.6480725552848376,.6261538461538462,.4891633747669452,.4843884641752857,.4911816588826195,.4968473762632541,.4984746162342916,.4913042646212284,Low human development,Low human development,.3907073490806213,.6261538461538462,.4843884641752857,Low human development,.3907073490806213,.6480725552848376,.4843884641752857,Low human development
2006-07,Khyber Pakhtunkhwa,Q1,24.94509779493567,25.2,22.65148330179635,23.8,66.45202767177854,63.4,78.23225435239422,538,1505.628783321478,1252,8166.776505483542,.2418055963055589,.2473333333333333,.6377235026427467,.5907692307692307,.3925726362108217,.3658681096248035,.3738834636712872,.3835374493326286,.39265059961473,.3767110489396041,Low human development,Low human development,.2418055963055589,.5907692307692307,.3658681096248035,Low human development,.2418055963055589,.6377235026427467,.3658681096248035,Low human development
2006-07,Khyber Pakhtunkhwa,Q2,32.88207000335689,32.4,29.73971007100326,28.9,65.10164624674137,65.3,85.98615272197353,1169,1959.719408080118,1699,10629.83824202805,.3183461669257235,.3123333333333334,.616948403796021,.62,.4307312978933225,.4100644596230152,.432561452640041,.4318506061444522,.4389869735615752,.4298207576804574,Low human development,Low human development,.3183461669257235,.62,.4100644596230152,Low human development,.3183461669257235,.616948403796021,.4100644596230152,Low human development
2006-07,Khyber Pakhtunkhwa,Q3,42.02098392193334,40.8,31.67941630356882,30.3,68.97014276748223,61.6,64.87454810416749,767,2400.469304708921,1990,13020.53768963144,.3857379471581183,.3729999999999999,.676463734884342,.5630769230769231,.4600987189761615,.4329510254699022,.4547432787376572,.4834206732670264,.4933206586776713,.4496815932957265,Low human development,Low human development,.3857379471581183,.5630769230769231,.4329510254699022,Low human development,.3857379471581183,.676463734884342,.4329510254699022,Low human development
2006-07,Khyber Pakhtunkhwa,Q4,47.10587484938296,48,36.12672450802329,36.3,68.37031842531886,70.2,67.96013881373331,662,3100.769839816617,2939,16819.08220488592,.4344615806892973,.4409999999999999,.6672356680818285,.6953846153846154,.4971565103831763,.4893998620242042,.5287861840994061,.5215526521914419,.5242936378141894,.531425638981202,Low human development,Low human development,.4344615806892973,.6953846153846154,.4893998620242042,Low human development,.4344615806892973,.6672356680818285,.4893998620242042,Low human development
2006-07,Khyber Pakhtunkhwa,Q5,61.26256797258399,62,39.9425588853633,41.5,70.2623219202911,68.09999999999999,58.56229844327132,540,5704.217354425553,6314,30940.60686693671,.5415589827684376,.5516666666666666,.6963434141583246,.663076923076923,.5853986885288839,.6001015258520661,.599530758883537,.609393740698653,.6043756991448175,.6032376822592584,Medium human development,Medium human development,.5415589827684376,.663076923076923,.6001015258520661,Medium human development,.5415589827684376,.6963434141583246,.6001015258520661,Medium human development
2006-07,Khyber Pakhtunkhwa-Rural,All,40.07397233612957,40.1,30.23459842254175,30.2,66.96762261158693,65.40000000000001,75.45971589666212,2547,2802.962156287192,2590,15203.72467456878,.3679418103160029,.368,.6456557324859528,.6215384615384616,.4825390780824694,.4710999213604172,.4758317243485468,.4819082870236656,.4857776699138999,.4758568071536625,Low human development,Low human development,.3679418103160029,.6215384615384616,.4710999213604172,Low human development,.3679418103160029,.6456557324859528,.4710999213604172,Low human development
2006-07,Khyber Pakhtunkhwa-Rural,Q1,24.23697337298088,24.5,22.20076139150385,23.2,66.40780941059164,63.9,78.47472240101938,506,1501.43847050292,1281,8144.047564155963,.2355823604582187,.2406666666666666,.6370432217014098,.5984615384615385,.3921691797843749,.3691830432482286,.3733707163636998,.3812277195031471,.3889809887900441,.3760376335896203,Low human development,Low human development,.2355823604582187,.5984615384615385,.3691830432482286,Low human development,.2355823604582187,.6370432217014098,.3691830432482286,Low human development
2006-07,Khyber Pakhtunkhwa-Rural,Q2,30.95180147072346,29.8,28.21860591910735,28.1,65.13731551741053,63.8,85.7717769646632,980,1937.377611735,1682,10508.6526885219,.3004073628685142,.2923333333333333,.6174971618063159,.5969230769230769,.4290714255795381,.4086086638206311,.4184518615368222,.4232052401272785,.4301550679267834,.414668863211315,Low human development,Low human development,.3004073628685142,.5969230769230769,.4086086638206311,Low human development,.3004073628685142,.6174971618063159,.4086086638206311,Low human development
2006-07,Khyber Pakhtunkhwa-Rural,Q3,40.27670054638273,38.9,32.39220590807559,29.5,68.09953487493165,64.90000000000001,69.40076183036214,510,2353.580097971084,1931,12766.20297167888,.3764853566694701,.3576666666666666,.6630697673066408,.6138461538461539,.4572429943253765,.4285940912597982,.4626841289252627,.4747349056071238,.4850853126275112,.454842874215572,Low human development,Low human development,.3764853566694701,.6138461538461539,.4285940912597982,Low human development,.3764853566694701,.6630697673066408,.4285940912597982,Low human development
2006-07,Khyber Pakhtunkhwa-Rural,Q4,44.82473296998977,44.9,33.8508937994337,35.5,68.8795048250027,66.59999999999999,65.33165819120457,394,3009.920820611278,2639,16326.30228209803,.4116678657980442,.4176666666666666,.6750693050000415,.6399999999999999,.4928516903780258,.4738131300733499,.4997790085111242,.50874576489017,.5154705521256181,.5021948953339523,Low human development,Low human development,.4116678657980442,.6399999999999999,.4738131300733499,Low human development,.4116678657980442,.6750693050000415,.4738131300733499,Low human development
2006-07,Khyber Pakhtunkhwa-Rural,Q5,54.92429339830922,57.2,37.44673262023115,38.3,74.32042598363998,67.8,40.48228524302555,157,5211.891444988739,5417,28270.15069954097,.4909843980561653,.509,.758775784363692,.6584615384615384,.5723317871682007,.5779196118624008,.5716828697384019,.5993532467152283,.5974152994681144,.5785912689486193,Medium human development,Medium human development,.4909843980561653,.6584615384615384,.5779196118624008,Medium human development,.4909843980561653,.758775784363692,.5779196118624008,Medium human development
2006-07,Khyber Pakhtunkhwa-Urban,All,57.23074973729727,57.2,37.45328656306627,37.5,67.9609963560814,67.5,70.1495830651303,1129,3637.006347743406,4170,19727.71663246247,.506382620125536,.5063333333333333,.6609384054781753,.6538461538461539,.5202480196795448,.5400453516579191,.563371490628198,.5654011282122021,.5584059946240065,.5633532121740583,Medium human development,Medium human development,.506382620125536,.6538461538461539,.5400453516579191,Medium human development,.506382620125536,.6609384054781753,.5400453516579191,Medium human development
2006-07,Khyber Pakhtunkhwa-Urban,Q1,34.78318763561116,37.1,25.34647577531365,29.8,68.00196998973995,65.59999999999999,69.92727696552492,32,1544.392143383802,1251,8377.035303493642,.3163761701551199,.3466666666666667,.6615687690729223,.6246153846153846,.3962525278730351,.3657524365644733,.4165507203032797,.4246084791822429,.4360975047959508,.4294414855557963,Low human development,Low human development,.3163761701551199,.6246153846153846,.3657524365644733,Low human development,.3163761701551199,.6615687690729223,.3657524365644733,Low human development
2006-07,Khyber Pakhtunkhwa-Urban,Q2,41.92695458586208,45.2,35.95464200593531,35.9,64.51683060335566,68.09999999999999,89.3153286181454,189,2109.785776583768,1956,11443.82274214847,.3993618372588649,.421,.6079512400516255,.663076923076923,.4414127867152259,.4304562834838608,.4848638909344476,.4710367451056697,.4749997779451516,.493467271134271,Low human development,Low human development,.3993618372588649,.663076923076923,.4304562834838608,Low human development,.3993618372588649,.6079512400516255,.4304562834838608,Low human development
2006-07,Khyber Pakhtunkhwa-Urban,Q3,56.41119892293032,54.4,39.06832411154546,33.8,72.80760998012987,66.09999999999999,46.88021813329524,257,2736.728083812903,2855,14844.46024436027,.5063024065246871,.4753333333333333,.735501692001998,.6323076923076922,.4790772162885667,.485202037527289,.5375518460100193,.5653344199063487,.5629455559815705,.5263602897552205,Medium human development,Low human development,.5063024065246871,.6323076923076922,.485202037527289,Low human development,.5063024065246871,.735501692001998,.485202037527289,Medium human development
2006-07,Khyber Pakhtunkhwa-Urban,Q4,62.29818262228206,66.2,41.46092909363017,45.8,66.68815444259772,67.5,76.95009343574355,268,3730.949197641261,5992,20237.27799838659,.5535243144606476,.594,.6413562221938111,.6538461538461539,.5239397785077329,.5925239348971365,.5985577497399197,.5947219546809742,.5708286939918934,.6128054779957828,Medium human development,Medium human development,.5535243144606476,.6538461538461539,.5925239348971365,Medium human development,.5535243144606476,.6413562221938111,.5925239348971365,Medium human development
2006-07,Khyber Pakhtunkhwa-Urban,Q5,80.46216122676235,74.8,53.34674185209403,50,66.94199034408962,70.09999999999999,75.59519947022963,383,8061.365773641951,8795,43726.16499603092,.7142368810187291,.6653333333333333,.645261389909071,.6938461538461538,.6354695423761881,.6480786145978267,.6848220194999775,.6684494147399832,.6640858558481574,.6688212339132243,Medium human development,Medium human development,.7142368810187291,.6938461538461538,.6480786145978267,Medium human development,.7142368810187291,.645261389909071,.6480786145978267,Medium human development
2006-07,Pakistan,All,50.66182772868891,50.7,34.71126133221546,34.7,63.83126953984716,64.3,93.31480303911077,18987,3350,4135,18170.9473121359,.4534497226319776,.4536666666666667,.5974041467668794,.6046153846153846,.5083482690122816,.5388251712961886,.5286303214419893,.5265202550860073,.5164000086088461,.5287146122351604,Low human development,Low human development,.4534497226319776,.6046153846153846,.5388251712961886,Low human development,.4534497226319776,.5974041467668794,.5388251712961886,Low human development
2006-07,Pakistan,Q1,25.81252981905305,27.8,22.30045806337635,22.5,59.50226131572847,58.8,120.7862691138652,4459,1488.751863964844,1761,8075.233337596808,.2464183923382748,.2603333333333334,.5308040202419765,.5199999999999999,.3909407727472417,.4152531186557589,.3761229110830958,.3787099730081964,.3711699116099922,.3830734107692092,Low human development,Low human development,.2464183923382748,.5199999999999999,.4152531186557589,Low human development,.2464183923382748,.5308040202419765,.4152531186557589,Low human development
2006-07,Pakistan,Q2,37.77153389523096,37.9,29.74804600771682,31.3,62.38625216984682,61.7,102.27830503539,4167,2067.55820218568,2435,11214.77347960908,.3509703793272624,.357,.5751731103053357,.5646153846153846,.4384859146250101,.4621663218502177,.4507549340448729,.4535471527021183,.4456646926180178,.4533215930649397,Low human development,Low human development,.3509703793272624,.5646153846153846,.4621663218502177,Low human development,.3509703793272624,.5751731103053357,.4621663218502177,Low human development
2006-07,Pakistan,Q3,45.49132067934378,46.1,35.89546535622058,36.7,64.3911029280071,64.3,90.03574956201155,3872,2615.654886429516,3156,14187.73944120643,.4229270223830271,.4296666666666667,.6060169681231862,.6046153846153846,.4725268139810926,.499712331512461,.503680222747018,.5040691229281601,.4947573169395031,.5063416366481766,Low human development,Low human development,.4229270223830271,.6046153846153846,.499712331512461,Low human development,.4229270223830271,.6060169681231862,.499712331512461,Low human development
2006-07,Pakistan,Q4,57.34534373631082,59,42.96315011233839,43.5,66.24143647589182,66.7,79.39377021056416,3441,3440.677641905688,4143,18662.79765645142,.5255127919498667,.5383333333333333,.6344836380906433,.6415384615384616,.5122146617833019,.5391049777660978,.5664476474018049,.5643636327672202,.5548197448205446,.5710170868218429,Medium human development,Medium human development,.5255127919498667,.6415384615384616,.5391049777660978,Medium human development,.5255127919498667,.6344836380906433,.5391049777660978,Medium human development
2006-07,Pakistan,Q5,75.44226275172943,73,52.26164261411623,47.5,69.99006464984842,69.90000000000001,59.94611986203291,3048,7137.21004033236,9178,38713.39331299304,.6771538937252503,.645,.6921548407668988,.6907692307692308,.6178428259198199,.6542493511195467,.6738882566864371,.6743385385977362,.6615909405889934,.6630485554093668,Medium human development,Medium human development,.6771538937252503,.6907692307692308,.6542493511195467,Medium human development,.6771538937252503,.6921548407668988,.6542493511195467,Medium human development
2006-07,Pakistan-Rural,All,40.02419211668213,40,30.63644653860105,30.6,62.81105136889203,63.3,99.60059456351867,12453,2766.099789365242,3610,15003.77717393016,.368949435906551,.3686666666666666,.581708482598339,.5892307692307692,.4806226145309552,.5191690673018861,.48326687241973,.4812015513148792,.4689848530250789,.4831433794973742,Low human development,Low human development,.368949435906551,.5892307692307692,.5191690673018861,Low human development,.368949435906551,.581708482598339,.5191690673018861,Low human development
2006-07,Pakistan-Rural,Q1,22.7626014344388,24.3,20.51435510312481,20.6,59.6852510383104,60,119.6049493028536,4160,1411.36123247125,1608,7655.453908545157,.2201318599066746,.2306666666666666,.5336192467432369,.5384615384615384,.3832127279938675,.4020953481374775,.3625675065189738,.3614773965573214,.3557280441703793,.3682613933910767,Low human development,Low human development,.2201318599066746,.5384615384615384,.4020953481374775,Low human development,.2201318599066746,.5336192467432369,.4020953481374775,Low human development
2006-07,Pakistan-Rural,Q2,29.97199402370507,30.7,25.80452001901653,27,62.58882029203946,62.4,101.0250131989333,3487,1918.223051145997,2311,10404.75522247716,.2858283602214222,.2946666666666666,.5782895429544532,.5753846153846154,.427633035190563,.4545999818263697,.4212736793424095,.4219814469701264,.4134667923481382,.4255718467585282,Low human development,Low human development,.2858283602214222,.5753846153846154,.4545999818263697,Low human development,.2858283602214222,.5782895429544532,.4545999818263697,Low human development
2006-07,Pakistan-Rural,Q3,36.38819284502125,36.9,32.32042786322319,33,64.38600626012284,64.3,90.06507576402556,2601,2383.659163478744,2932,12929.3567372126,.350322711844219,.356,.6059385578480437,.6046153846153846,.4590813854227954,.4890546553230301,.4696434773829691,.4699858255534415,.4601811822820796,.4721668901293886,Low human development,Low human development,.350322711844219,.6046153846153846,.4890546553230301,Low human development,.350322711844219,.6059385578480437,.4890546553230301,Low human development
2006-07,Pakistan-Rural,Q4,46.05033372861273,43.9,38.16075985897567,37.3,67.01351497582048,63.5,75.21775051312396,1577,3016.901704326343,3874,16364.16773588268,.4342047577206704,.4169999999999999,.6463617688587767,.5923076923076923,.4931870534563959,.529386538794364,.5144442074837815,.5296403259652084,.5172819233363564,.5075577232222037,Low human development,Low human development,.4342047577206704,.5923076923076923,.529386538794364,Low human development,.4342047577206704,.6463617688587767,.529386538794364,Low human development
2006-07,Pakistan-Rural,Q5,57.11087567272113,58,42.76878979875559,40.4,67.54174195070789,66.3,72.46529840603411,628,5100.027460889098,7324,27663.38217380957,.5233018038139927,.5213333333333332,.6544883377031983,.6353846153846153,.5691908381816972,.6215827785432195,.5912384005039031,.5971054555067978,.5798344503416253,.5904961279470685,Medium human development,Medium human development,.5233018038139927,.6353846153846153,.6215827785432195,Medium human development,.5233018038139927,.6544883377031983,.6215827785432195,Medium human development
2006-07,Pakistan-Urban,All,69.48967068673771,69.5,44.01483591618482,44,66.43002535681789,66.5,78.35280887138086,6534,4502.090551152635,5152,24420.0746864058,.6099805909655341,.6099999999999999,.6373850054895061,.6384615384615384,.551138075258553,.5706586181172519,.6057252980131709,.6053846614151144,.59840161645472,.6057317224899865,Medium human development,Medium human development,.6099805909655341,.6384615384615384,.5706586181172519,Medium human development,.6099805909655341,.6373850054895061,.5706586181172519,Medium human development
2006-07,Pakistan-Urban,Q1,44.42902948310273,48.5,32.17395670876158,33.3,56.36837779199801,63.3,142.3259944764753,299,1765.371960904445,1822,9575.665936691559,.4034400522498901,.4343333333333333,.4825904275692002,.5892307692307692,.4156120748274797,.4201827908789931,.4639817479678729,.4341088689286615,.4325290590366515,.4755347731203312,Low human development,Low human development,.4034400522498901,.5892307692307692,.4201827908789931,Low human development,.4034400522498901,.4825904275692002,.4201827908789931,Low human development
2006-07,Pakistan-Urban,Q2,58.87570746615742,57.1,37.281930857662,40.3,60.77744376373448,64,112.3714581973596,680,2512.943394707823,2696,13630.61552943755,.5167778192999228,.515,.5504222117497612,.6,.4667275686682889,.4769066292877607,.5288057371302862,.5138200635389807,.5101380959648872,.5281986411703563,Low human development,Low human development,.5167778192999228,.6,.4769066292877607,Low human development,.5167778192999228,.5504222117497612,.4769066292877607,Low human development
2006-07,Pakistan-Urban,Q3,67.31897618495501,69.2,47.07180982201945,46.5,64.39461006113061,67.2,90.01557508159964,1271,3274.105139984112,3427,17759.28119195363,.6056992073064316,.6163333333333334,.6060709240173939,.6492307692307693,.505030873872972,.5116380348099555,.5859667509950029,.5726831770659065,.5702073280996223,.5893761049702539,Medium human development,Medium human development,.6056992073064316,.6492307692307693,.5116380348099555,Medium human development,.6056992073064316,.6060709240173939,.5116380348099555,Medium human development
2006-07,Pakistan-Urban,Q4,77.99303323880171,77,55.17557227620406,52.4,65.46495776520227,68.09999999999999,83.82744862925374,1864,4484.780091542372,7485,24326.17992535298,.7038721291793582,.6879999999999999,.6225378117723427,.663076923076923,.5505803841790152,.6247306015596903,.6631068090446683,.6493080111202619,.6225297051766802,.6580845736700818,Medium human development,Medium human development,.7038721291793582,.663076923076923,.6247306015596903,Medium human development,.7038721291793582,.6225378117723427,.6247306015596903,Medium human development
2006-07,Pakistan-Urban,Q5,89.43837047373165,87.40000000000001,58.85360273471838,57.2,70.80749098856906,69.8,55.87701773811704,2420,10471.28324688146,10331,56797.95109538338,.7924344789406056,.7733333333333333,.7047306305933702,.6892307692307692,.6733333024535773,.6713807871816686,.7157570646242277,.7210828062406993,.7217811494028243,.7099592666879527,High human development,High human development,.7924344789406056,.6892307692307692,.6713807871816686,High human development,.7924344789406056,.7047306305933702,.6713807871816686,High human development
2006-07,Punjab,All,52.42566044590085,52.4,37.37299014270376,37.4,63.1522872152859,62.4,97.45239679177497,7594,3491.858918219822,4072,18940.41326101023,.4740810367816848,.474,.5869582648505524,.5753846153846154,.5143522295208774,.5366025897762341,.5270128418973336,.5305229674482579,.5230864588722872,.5269828119693103,Low human development,Low human development,.4740810367816848,.5753846153846154,.5366025897762341,Low human development,.4740810367816848,.5869582648505524,.5366025897762341,Low human development
2006-07,Punjab,Q1,26.86159101522428,30.6,24.89220545666432,24.7,57.98125304373983,57.1,131.0679730105652,1430,1539.416236433322,1691,8350.045171246697,.2620512916237096,.2863333333333333,.5074038929806127,.4938461538461539,.3957853542702799,.4093812025325805,.3755795690270213,.3789855623905568,.3747427789348294,.3868392156816236,Low human development,Low human development,.2620512916237096,.4938461538461539,.4093812025325805,Low human development,.2620512916237096,.5074038929806127,.4093812025325805,Low human development
2006-07,Punjab,Q2,40.2715878630221,40.7,33.13949374612935,34.2,61.81761710840654,60.2,105.7377218872727,1367,2174.720622712568,2407,11796.03995639566,.3789422315739118,.3853333333333333,.5664248785908698,.5415384615384616,.4458011576244751,.4604920300916766,.4554857674017502,.4623588223473746,.4573887798983596,.4580321906508908,Low human development,Low human development,.3789422315739118,.5415384615384616,.4604920300916766,Low human development,.3789422315739118,.5664248785908698,.4604920300916766,Low human development
2006-07,Punjab,Q3,48.94357024547833,49,38.55455010046889,41.3,62.94510721935946,62,98.75107620616642,1718,2764.04830296546,3160,14992.64957653255,.4548056353047518,.4643333333333333,.5837708802978379,.5692307692307692,.4805152094188172,.4998956942061346,.5058221775614058,.5100928315142216,.5034138207421023,.5093299426683734,Low human development,Low human development,.4548056353047518,.5692307692307692,.4998956942061346,Low human development,.4548056353047518,.5837708802978379,.4998956942061346,Low human development
2006-07,Punjab,Q4,59.47062196263925,60.1,46.46115758145343,45.1,66.30025418511383,65.5,79.0676363656958,1577,3622.517240572766,4337,19649.12534798557,.551341338355773,.5509999999999999,.6353885259248281,.6230769230769231,.5196701536923474,.5457298073829207,.5723301602684872,.5760752271975311,.5667557038309025,.572212025003381,Medium human development,Medium human development,.551341338355773,.6230769230769231,.5457298073829207,Medium human development,.551341338355773,.6353885259248281,.5457298073829207,Medium human development
2006-07,Punjab,Q5,75.36535063759939,73.2,53.50796376782205,49.7,68.64638344000801,67.5,66.5221982525388,1502,7358.200496717208,8762,39912.08165312855,.6807955501434027,.6536666666666666,.6714828221539694,.6538461538461539,.6222572057800402,.6475344162807187,.6605692898350966,.6664560127213326,.6576687152292441,.6516757935414834,Medium human development,Medium human development,.6807955501434027,.6538461538461539,.6475344162807187,Medium human development,.6807955501434027,.6714828221539694,.6475344162807187,Medium human development
2006-07,Punjab-Rural,All,42.78386356134907,42.8,33.35345717258635,33.3,62.08121348535034,61.4,104.1197618115002,5018,2957.915818543443,3723,16044.21865447351,.3964039476509483,.3963333333333333,.5704802074669283,.5599999999999999,.4903286033124375,.5236310120727974,.4880344195563693,.4910600880026115,.4804209380947316,.4880054387954969,Low human development,Low human development,.3964039476509483,.5599999999999999,.5236310120727974,Low human development,.3964039476509483,.5704802074669283,.5236310120727974,Low human development
2006-07,Punjab-Rural,Q1,23.37946396067378,27.1,22.87146423724513,22.9,58.01859534469099,57.7,130.8053590019009,1332,1461.791090964899,1491,7928.993700081444,.2321013071953089,.257,.5079783899183229,.5030769230769231,.3882951035679814,.3911592144843314,.3574553893050942,.3586125325958794,.3577351207559861,.3698057800559282,Low human development,Low human development,.2321013071953089,.5030769230769231,.3911592144843314,Low human development,.2321013071953089,.5079783899183229,.3911592144843314,Low human development
2006-07,Punjab-Rural,Q2,32.642319889178,33.4,28.1270809854567,29.7,61.95206113754969,60.8,104.909384456496,1185,2039.674353218107,2264,11063.52692723615,.3113724025460423,.3216666666666666,.5684932482699953,.5507692307692307,.4365202783756842,.4516254741720779,.4262614645394586,.4307857080069476,.4259284182117346,.4309081614224312,Low human development,Low human development,.3113724025460423,.5507692307692307,.4516254741720779,Low human development,.3113724025460423,.5684932482699953,.4516254741720779,Low human development
2006-07,Punjab-Rural,Q3,37.57626444462129,39.9,36.71431119124994,37.4,62.69336872436374,61.7,100.3523767366343,1276,2551.464740716395,2977,13839.56160368063,.372889466934975,.3906666666666666,.5798979803748268,.5646153846153846,.4689298570311488,.4912596115489082,.4694052702673964,.4736027958858036,.4663155155894967,.476749275445486,Low human development,Low human development,.372889466934975,.5646153846153846,.4912596115489082,Low human development,.372889466934975,.5798979803748268,.4912596115489082,Low human development
2006-07,Punjab-Rural,Q4,50.79802782814659,46.4,40.38432748436941,40.7,67.12599891262491,62.7,74.62796044790355,835,3249.038372916421,3997,17623.31495205136,.4732679438022086,.445,.6480922909634601,.5800000000000001,.5039182802100435,.5339113827533681,.5272315863332325,.5471054506210691,.536662627474116,.5165183180518237,Low human development,Low human development,.4732679438022086,.5800000000000001,.5339113827533681,Low human development,.4732679438022086,.6480922909634601,.5339113827533681,Low human development
2006-07,Punjab-Rural,Q5,60.11389005630482,60.2,46.26903963863764,41.6,66.71463915203478,64.40000000000001,76.80759935859361,390,5487.283509511893,7887,29763.92225017696,.5549893991708242,.54,.6417636792620734,.6061538461538463,.5797857997710737,.6323039469420083,.5969406423310158,.6084084515753567,.5910748293611434,.5915173749637249,Medium human development,Medium human development,.5549893991708242,.6061538461538463,.6323039469420083,Medium human development,.5549893991708242,.6417636792620734,.6323039469420083,Medium human development
2006-07,Punjab-Urban,All,70.93228514215691,71,47.23116718788301,47.3,66.06500801524439,64.7,80.38012651783244,2576,4618.986267307116,4816,25054.13614887071,.6303191249073228,.6309999999999999,.6317693540806829,.6107692307692308,.5548488903496565,.5608954927499227,.5999382172756607,.6067367905863527,.6045486474703976,.6001541586823238,Medium human development,Medium human development,.6303191249073228,.6107692307692308,.5608954927499227,Medium human development,.6303191249073228,.6317693540806829,.5608954927499227,Medium human development
2006-07,Punjab-Urban,Q1,47.35560670018658,50.9,35.17462874259493,35.1,56.97886704632369,62.2,138.0490788739055,98,1806.105082395802,1690,9796.60904250597,.432952807143227,.4563333333333333,.4919825699434414,.5723076923076924,.4189143382451727,.4092955682045578,.4663397065526138,.4434136990104696,.4468603629829728,.4745874755783794,Low human development,Low human development,.432952807143227,.5723076923076924,.4092955682045578,Low human development,.432952807143227,.4919825699434414,.4092955682045578,Low human development
2006-07,Punjab-Urban,Q2,62.74612243369882,61.2,40.99132132392032,44.1,60.7924251354384,61.7,112.2730208709456,182,2579.975804517299,2753,13994.21027178188,.5549452206377266,.5549999999999999,.55065269439136,.5646153846153846,.4705385443632089,.4799354037977767,.5317757601275108,.5273555942090535,.5238911108180139,.5317932569767395,Low human development,Low human development,.5549452206377266,.5646153846153846,.4799354037977767,Low human development,.5549452206377266,.55065269439136,.4799354037977767,Low human development
2006-07,Punjab-Urban,Q3,68.64487147897081,70.40000000000001,48.95169808395131,51.2,63.91962527495389,66.3,92.78945913323189,442,3383.980699088959,2705,18355.26417565083,.6208048034729765,.64,.5987634657685215,.6353846153846153,.5098092924423576,.477389089814196,.5731761148494614,.5619456113887732,.5743888971205179,.5790237612944488,Medium human development,Medium human development,.6208048034729765,.6353846153846153,.477389089814196,Medium human development,.6208048034729765,.5987634657685215,.477389089814196,Medium human development
2006-07,Punjab-Urban,Q4,79.48386330859788,78.09999999999999,59.19759878344058,55.2,65.19913151087084,64.7,85.40152184922123,742,4584.927962226186,7333,24869.39833777632,.7272177513354544,.7046666666666666,.6184481770903206,.6107692307692308,.5537775054943118,.6217605616652035,.6512108046574728,.6539285802390461,.62916955401259,.6444086329061715,Medium human development,Medium human development,.7272177513354544,.6107692307692308,.6217605616652035,Medium human development,.7272177513354544,.6184481770903206,.6217605616652035,Medium human development
2006-07,Punjab-Urban,Q5,88.97298625633144,87.7,61.21825564058836,59.8,69.50523491883345,68.5,62.24037799493887,1112,10738.42350499433,9598,58246.96349989666,.7972140938441707,.784,.6846959218282069,.6692307692307692,.6769801759313425,.6607269151988009,.7064112747709846,.711811339943576,.7176007547604372,.7024865073319346,High human development,High human development,.7972140938441707,.6692307692307692,.6607269151988009,High human development,.7972140938441707,.6846959218282069,.6607269151988009,High human development
2006-07,Sindh,All,53.75615627829892,53.8,34.06898565818479,34.1,62.52425634752768,60.5,101.4426501327572,5425,3468.278719627132,5223,18812.5104113871,.4719376607159421,.4723333333333333,.5772962515004257,.5461538461538461,.5133713304022497,.5726400086123312,.5284782357264403,.5383379795448677,.5190848194473714,.5286258865524259,Low human development,Low human development,.4719376607159421,.5461538461538461,.5726400086123312,Low human development,.4719376607159421,.5772962515004257,.5726400086123312,Low human development
2006-07,Sindh,Q1,26.86497159975629,28.3,22.29682526528504,22.7,58.14051461722513,54.6,129.9516056661102,1764,1441.665668128492,2067,7819.830118590457,.2534225615493254,.2643333333333333,.5098540710342327,.4553846153846154,.3862881854255687,.4384468255424293,.3698680806298472,.3840632027740946,.3681862206992163,.3751017344835898,Low human development,Low human development,.2534225615493254,.4553846153846154,.4384468255424293,Low human development,.2534225615493254,.5098540710342327,.4384468255424293,Low human development
2006-07,Sindh,Q2,36.24961683111138,36.2,25.6510522858776,28.3,59.13485559524933,57.5,123.1934640378006,1062,2019.205757954974,3087,10952.5019224362,.3271676198270012,.3356666666666667,.5251516245422975,.5,.4350601919991113,.496512209827365,.433068654390513,.4402117734050713,.4212450316519531,.4367866784089475,Low human development,Low human development,.3271676198270012,.5,.496512209827365,Low human development,.3271676198270012,.5251516245422975,.496512209827365,Low human development
2006-07,Sindh,Q3,45.98520389794526,45.3,35.66957621031842,36.1,63.64088909189632,60.6,94.45689456624729,823,2552.509544670475,3991,13845.22879102424,.4254666133540298,.4223333333333332,.5944752167984049,.5476923076923077,.4689891249105038,.533693909261341,.4991504397538369,.5129761364271133,.491345901200103,.4979221153235627,Low human development,Low human development,.4254666133540298,.5476923076923077,.533693909261341,Low human development,.4254666133540298,.5944752167984049,.533693909261341,Low human development
2006-07,Sindh,Q4,61.52525040330977,64.59999999999999,44.08775404128451,42.5,64.84916440093366,62.9,87.43868732173577,966,3408.911158784182,5454,18490.49106209538,.5571275161596801,.5723333333333332,.6130640677066717,.583076923076923,.5108718943421073,.5789050445352035,.5729225707117941,.5825804879946079,.5588014107298834,.5780881618254441,Medium human development,Medium human development,.5571275161596801,.583076923076923,.5789050445352035,Medium human development,.5571275161596801,.6130640677066717,.5789050445352035,Medium human development
2006-07,Sindh,Q5,83.42718421643534,80.7,54.89339285586616,51.3,72.56873443433517,67.09999999999999,47.97906922864969,810,7918.543450650706,11518,42951.47338227845,.7391592042957893,.7090000000000001,.7318266836051565,.6476923076923076,.6328817680416351,.6871256913979624,.6903155215369088,.7189976522152469,.6995567286591264,.6807960915221706,Medium human development,Medium human development,.7391592042957893,.6476923076923076,.6871256913979624,Medium human development,.7391592042957893,.7318266836051565,.6871256913979624,High human development
2006-07,Sindh-Rural,All,34.81247487894091,34.8,27.09046174850576,27.1,60.17868858411484,58.8,116.3771342571377,3286,2313.481648758759,3926,12548.70243199663,.322384705021292,.3223333333333333,.5412105936017668,.5199999999999999,.4547553529644802,.5313167650879959,.4465914774148345,.4525828357869054,.4297074131201174,.4465677548494472,Low human development,Low human development,.322384705021292,.5199999999999999,.5313167650879959,Low human development,.322384705021292,.5412105936017668,.5313167650879959,Low human development
2006-07,Sindh-Rural,Q1,22.28751014004332,21,20.99544625649342,18.2,58.50392348930305,56.5,127.4397116216989,1615,1292.926908639515,2109,7013.046786666082,.2185682217886002,.2006666666666667,.5154449767585084,.4846153846153846,.3705246580558353,.441358859913162,.3602400728219037,.3677226601774085,.3468929565980513,.3501236341249577,Low human development,Low human development,.2185682217886002,.4846153846153846,.441358859913162,Low human development,.2185682217886002,.5154449767585084,.441358859913162,Low human development
2006-07,Sindh-Rural,Q2,27.71647369245444,26.8,20.73959133563296,23,59.77854745529657,57.4,119.007113201832,885,1722.797926111236,2767,9344.737416365455,.2539084624018061,.2553333333333333,.5350545762353318,.4984615384615385,.4120781134303522,.4806697197136506,.3932950958733089,.4026929324682613,.3825471190545147,.3940294152878751,Low human development,Low human development,.2539084624018061,.4984615384615385,.4806697197136506,Low human development,.2539084624018061,.5350545762353318,.4806697197136506,Low human development
2006-07,Sindh-Rural,Q3,32.82683569642404,33,24.69710563317569,28,66.30928438198823,59.3,79.0176842807514,454,2106.750645741083,3200,11427.35969658792,.3011692567534126,.3133333333333334,.6355274520305882,.5276923076923077,.4412043785696982,.5017166594399688,.4304109459484219,.4579321742009707,.438727565231299,.4361293304886381,Low human development,Low human development,.3011692567534126,.5276923076923077,.5017166594399688,Low human development,.3011692567534126,.6355274520305882,.5017166594399688,Low human development
2006-07,Sindh-Rural,Q4,36.79305087010963,35.5,33.16226167216644,32.7,63.61707547596271,58.5,94.60073243913392,265,2541.634573346598,4388,13786.24116984598,.3558278780412857,.3456666666666666,.5941088534763495,.5153846153846153,.4683710364934065,.5474222063008911,.4647627120228844,.4873146510520369,.4626281004581209,.4602959152631849,Low human development,Low human development,.3558278780412857,.5153846153846153,.5474222063008911,Low human development,.3558278780412857,.5941088534763495,.5474222063008911,Low human development
2006-07,Sindh-Rural,Q5,48.80346872395722,51.6,42.52704281455404,39.8,61.34591370716246,62.3,108.69605555952,67,3902.987173712897,7166,21170.44008760576,.4671132675415616,.4766666666666666,.5591679031871147,.5738461538461538,.5304657080242418,.6184256012766973,.5493321865357839,.5446079362648654,.5174565839854726,.5530519220202307,Low human development,Medium human development,.4671132675415616,.5738461538461538,.6184256012766973,Low human development,.4671132675415616,.5591679031871147,.6184256012766973,Low human development
2006-07,Sindh-Urban,All,70.7173253222048,70.7,42.37591634037273,42.4,65.89121437267474,62.7,81.36373259657226,2139,4648.529286415962,6556,25214.38231115975,.6127018899492744,.6126666666666667,.6290956057334576,.5800000000000001,.5557718571408282,.6055463149661537,.5992502074331798,.6157027297452644,.5983484095875184,.5992387238910479,Medium human development,Medium human development,.6127018899492744,.5800000000000001,.6055463149661537,Medium human development,.6127018899492744,.6290956057334576,.6055463149661537,Medium human development
2006-07,Sindh-Urban,Q1,43.28212500888056,48.7,28.97489628431534,33.1,53.992452522416,57.8,159.714740476734,149,1814.732002302656,2357,9843.402865518941,.3851304876735882,.435,.4460377311140923,.5046153846153846,.4196041659863273,.4574531941747746,.4463117805600507,.4283269367827889,.416172228775133,.4647993044457965,Low human development,Low human development,.3851304876735882,.5046153846153846,.4574531941747746,Low human development,.3851304876735882,.4460377311140923,.4574531941747746,Low human development
2006-07,Sindh-Urban,Q2,57.25361597978848,56.8,38.28835066964324,39.4,55.993310751997,60.8,145.0190596026456,177,2577.034000662808,3484,13978.25344705275,.5093186087640673,.5099999999999999,.4768201654153384,.5507692307692307,.4703733828493737,.5140260487785419,.5243824085452314,.4997771874437656,.4852091313776121,.5246161524451459,Low human development,Low human development,.5093186087640673,.5507692307692307,.5140260487785419,Low human development,.5093186087640673,.4768201654153384,.5140260487785419,Low human development
2006-07,Sindh-Urban,Q3,69.38033798182663,69.2,45.27778812235925,43,60.83237859630768,63,112.0109221520803,369,3319.31983747944,4429,18004.53309819893,.613461546953375,.6046666666666667,.5512673630201183,.5846153846153846,.5070163671491659,.5487685600949195,.5816775053999625,.5704001305940029,.5555509168743183,.5788843783779304,Medium human development,Medium human development,.613461546953375,.5846153846153846,.5487685600949195,Medium human development,.613461546953375,.5512673630201183,.5487685600949195,Medium human development
2006-07,Sindh-Urban,Q4,80.67647578905056,79.09999999999999,54.39404228482692,50.5,65.13831646519483,65.8,85.76576888771959,701,4622.680872222685,9545,25074.17628954533,.7191566462097601,.6956666666666665,.6175125610029975,.6276923076923077,.5549646376197037,.6599253109098951,.6678645063761313,.6642343947751657,.6269672682320663,.6605123295248788,Medium human development,Medium human development,.7191566462097601,.6276923076923077,.6599253109098951,Medium human development,.7191566462097601,.6175125610029975,.6599253109098951,Medium human development
2006-07,Sindh-Urban,Q5,91.40306932646929,90,56.28249217057978,55.9,73.55438746873858,66.09999999999999,43.60466857818612,743,10904.7207988083,12966,59148.98719065616,.7969621027450611,.7863333333333333,.7469905764421321,.6323076923076922,.6792048501705894,.704268672422295,.7080025718390153,.7484516001530056,.7394653989023916,.704841024730812,High human development,High human development,.7969621027450611,.6323076923076922,.704268672422295,High human development,.7969621027450611,.7469905764421321,.704268672422295,High human development
2018-19,Balochistan,All,37.47919346995678,37.5,22.12707111078181,22.1,66.42065018784496,66,78.40423348297854,3346,3717.889998498344,3576,41855.07802497713,.3236181935023179,.3236666666666667,.6372407721206916,.6307692307692307,.5234321787070741,.5177991700412934,.4728117488752397,.4744232287070628,.4761374051414231,.4728353544057411,Low human development,Low human development,.3236181935023179,.6307692307692307,.5177991700412934,Low human development,.3236181935023179,.6372407721206916,.5177991700412934,Low human development
2018-19,Balochistan,Q1,17.55589924581301,20.1,12.68666079394177,14.4,62.01198604972582,60.5,104.5422684995452,1075,2008.659831582352,1764,22612.99124247186,.1593281976185593,.182,.5694151699957819,.5461538461538461,.4343021315997764,.4154995269319336,.3306684231997247,.3352978253264026,.3402811400168776,.3456625313317377,Low human development,Low human development,.1593281976185593,.5461538461538461,.4154995269319336,Low human development,.1593281976185593,.5694151699957819,.4154995269319336,Low human development
2018-19,Balochistan,Q2,26.62873256777011,24.1,18.59018410999954,17.6,68.6202990366193,63.2,66.65675243885738,1059,2738.485037185014,2371,30829.18132271423,.2394921641517992,.2193333333333334,.6710815236402969,.5876923076923077,.4791701241095405,.4583105179927294,.4010517166735402,.4191879644327972,.425453506678318,.3894677394006431,Low human development,Low human development,.2394921641517992,.5876923076923077,.4583105179927294,Low human development,.2394921641517992,.6710815236402969,.4583105179927294,Low human development
2018-19,Balochistan,Q3,31.81887304537414,32.1,20.11559633461801,21.1,66.68830584979952,68.09999999999999,76.94927807790519,576,3344.954009666792,3289,37656.65770668606,.2791778080845543,.2843333333333333,.6413585515353772,.663076923076923,.5081300503190941,.5056879578275515,.4540557078234121,.4490432076716952,.4497648941653393,.4568336651040784,Low human development,Low human development,.2791778080845543,.663076923076923,.5056879578275515,Low human development,.2791778080845543,.6413585515353772,.5056879578275515,Low human development
2018-19,Balochistan,Q4,41.49661101226869,41.5,25.56906744091739,26.7,72.23333472832557,66.90000000000001,49.42176436180612,423,4058.746841413355,3987,45692.35932198093,.3618742982181825,.3656666666666666,.7266666881280858,.6446153846153847,.5361306545529163,.5335487452207982,.499279999745927,.5196237959032768,.5204606224334584,.5010180596506033,Low human development,Low human development,.3618742982181825,.6446153846153847,.5335487452207982,Low human development,.3618742982181825,.7266666881280858,.5335487452207982,Low human development
2018-19,Balochistan,Q5,60.0188394437,59.7,40.94097876510717,38.2,68.9736845697131,71.59999999999999,64.85675097564037,213,6437.537784935947,6469,72472.19427849152,.5365955255083572,.5253333333333333,.6765182241494323,.7169230769230769,.6029065970450772,.603612383713496,.614647212024418,.6028763250046216,.6026412580230868,.6103166525523035,Medium human development,Medium human development,.5365955255083572,.7169230769230769,.603612383713496,Medium human development,.5365955255083572,.6765182241494323,.603612383713496,Medium human development
2018-19,Balochistan-Rural,All,30.8936386580569,30.9,19.05134790629301,19.1,66.11254314931149,65.59999999999999,80.11317272317631,1670,3405.879476660637,3325,38342.54141377947,.2694620840746894,.2696666666666667,.6325006638355614,.6246153846153846,.510743091861891,.5072638832130412,.4403331963297653,.4421784069186081,.4431870384411653,.4404446055946295,Low human development,Low human development,.2694620840746894,.6246153846153846,.5072638832130412,Low human development,.2694620840746894,.6325006638355614,.5072638832130412,Low human development
2018-19,Balochistan-Rural,Q1,15.13847313258952,17.5,13.10438125439573,14.2,62.67810217570608,63.7,100.4503176513968,816,1904.709904434616,1609,21442.74889715867,.1446044250652493,.164,.5796631103954781,.5953846153846154,.4266096133727403,.4021853480330099,.3259381118965627,.3230436164997036,.3294548924318765,.3399037065119088,Low human development,Low human development,.1446044250652493,.5953846153846154,.4021853480330099,Low human development,.1446044250652493,.5796631103954781,.4021853480330099,Low human development
2018-19,Balochistan-Rural,Q2,20.36927693457761,18.5,15.67643934308315,16.2,68.56136983376514,62.8,66.9617365637346,553,2588.836128387392,2267,29144.47124344695,.1880499773741279,.1773333333333333,.6701749205194637,.5815384615384614,.4710348535839287,.4518171733755058,.366948250100463,.3847170173706077,.3900960026876655,.3598408950523387,Low human development,Low human development,.1880499773741279,.5815384615384614,.4518171733755058,Low human development,.1880499773741279,.6701749205194637,.4518171733755058,Low human development
2018-19,Balochistan-Rural,Q3,26.85959925726543,26.4,19.79135137042825,18.1,66.20007763317921,64.7,79.62390291444078,230,3115.897520093041,3231,35077.99689447565,.245035166283197,.2363333333333333,.633847348202757,.6107692307692308,.4978610551878108,.5031123193392145,.4222699461349431,.4275228668401084,.4260302299580159,.4172109459865238,Low human development,Low human development,.245035166283197,.6107692307692308,.5031123193392145,Low human development,.245035166283197,.633847348202757,.5031123193392145,Low human development
2018-19,Balochistan-Rural,Q4,33.54735811996918,34,20.98043572620831,22.2,77.16704947314696,68.7,29.87265280757612,62,3773.238514653482,3950,42478.17781092446,.2935838398871555,.3006666666666667,.8025699918945686,.6723076923076924,.5255714195907067,.5321990318754867,.4718363934889028,.5005295413262907,.4984431149643647,.4756006955774882,Low human development,Low human development,.2935838398871555,.6723076923076924,.5321990318754867,Low human development,.2935838398871555,.8025699918945686,.5321990318754867,Low human development
2018-19,Balochistan-Rural,Q5,49.82641379804507,49.8,30.19670269056535,28.8,72.90593312893746,68.2,46.43526637759609,9,5645.82573804621,5566,63559.29757921628,.4328317676221849,.4279999999999999,.7370143558298071,.6646153846153846,.5839091564153648,.5818477339993414,.5511032285028902,.5704288395033152,.5711017010133954,.5490448667465494,Medium human development,Low human development,.4328317676221849,.6646153846153846,.5818477339993414,Medium human development,.4328317676221849,.7370143558298071,.5818477339993414,Medium human development
2018-19,Balochistan-Urban,All,53.79428072672443,53.8,30.82974634211696,30.8,67.22680087383011,67.7,74.10335298427606,1676,4538.910553927163,4199,51097.92260119184,.4613943593185527,.4613333333333333,.6496430903666172,.6569230769230769,.5523172081333022,.5410486248793133,.5473616494883945,.5453321899184443,.5490921390764971,.5473375162958577,Low human development,Low human development,.4613943593185527,.6569230769230769,.5410486248793133,Low human development,.4613943593185527,.6496430903666172,.5410486248793133,Low human development
2018-19,Balochistan-Urban,Q1,39.03117698762984,36.7,16.89342901846688,19,57.4384425077939,63.6,134.914427313126,259,2479.670120464563,2052,27915.5075621302,.3165192766457552,.3080000000000001,.4990529616583677,.5938461538461539,.4647979696314493,.4373924521465928,.4348256274516422,.4103357557398855,.4187328258734556,.4308889097216311,Low human development,Low human development,.3165192766457552,.5938461538461539,.4373924521465928,Low human development,.3165192766457552,.4990529616583677,.4373924521465928,Low human development
2018-19,Balochistan-Urban,Q2,41.55951063853158,40.1,22.85185494299552,24.5,68.8267372729557,67.40000000000001,65.59926023263407,506,3348.457346494102,2592,37696.09739863878,.3532362540668622,.349,.6742574965070107,.6523076923076924,.5082815903844236,.4712116657328518,.4770654164863721,.4823574930394477,.4946884966070899,.4751506417829005,Low human development,Low human development,.3532362540668622,.6523076923076924,.4712116657328518,Low human development,.3532362540668622,.6742574965070107,.4712116657328518,Low human development
2018-19,Balochistan-Urban,Q3,48.94754234622138,52.1,29.94034969466354,29.9,67.82206758923232,68.09999999999999,70.90862754245397,346,3934.299369227306,3518,44291.36072856852,.4261181146236876,.447,.6588010398343433,.663076923076923,.531622467744584,.5154319450404808,.5261243641781922,.5249910118107642,.5304313692438928,.5345819071357325,Low human development,Low human development,.4261181146236876,.663076923076923,.5154319450404808,Low human development,.4261181146236876,.6588010398343433,.5154319450404808,Low human development
2018-19,Balochistan-Urban,Q4,57.49735715655313,56,40.63302031444628,39.9,70.17153819321699,69.8,59.02183224872604,361,4875.232462227852,4366,54884.15073573055,.5187591154251752,.5063333333333333,.6949467414341075,.6892307692307692,.5626651095606354,.5466945771243735,.5803523153922263,.5819522388224244,.5875647726945816,.575681112351223,Medium human development,Medium human development,.5187591154251752,.6892307692307692,.5466945771243735,Medium human development,.5187591154251752,.6949467414341075,.5466945771243735,Medium human development
2018-19,Balochistan-Urban,Q5,74.0815131682587,75.7,55.00224492720064,52.6,68.25927314522177,69.8,68.54726913792064,204,8054.254509816448,8467,90672.78781178323,.6772175708790601,.6799999999999999,.665527279157258,.6892307692307692,.6353417829814765,.6425765199238849,.6693797588325957,.6616164739259877,.6591240607935708,.6702952483543245,Medium human development,Medium human development,.6772175708790601,.6892307692307692,.6425765199238849,Medium human development,.6772175708790601,.665527279157258,.6425765199238849,Medium human development
2018-19,Khyber Pakhtunkhwa,All,49.68068141447127,49.7,32.14393140262161,32.1,69.06162075482382,70.59999999999999,64.41644427934168,4176,4179.349608171986,3876,47050.07518090883,.4383509807718804,.4383333333333334,.6778710885357511,.7015384615384614,.5403695673253924,.5294612561262426,.5460543671091005,.539843354940191,.5435255849833774,.5460470391986438,Low human development,Low human development,.4383509807718804,.7015384615384614,.5294612561262426,Low human development,.4383509807718804,.6778710885357511,.5294612561262426,Low human development
2018-19,Khyber Pakhtunkhwa,Q1,31.08809985323197,32.8,25.15309470993228,27.1,68.31960750982869,70.09999999999999,68.22763640961749,649,2019.292451515992,1860,22732.69062494746,.291097648054654,.3089999999999999,.6664555001512106,.6938461538461538,.4350664072691151,.423170981405972,.4404932456321025,.4346188689167879,.4386537045957397,.4493442422032269,Low human development,Low human development,.291097648054654,.6938461538461538,.423170981405972,Low human development,.291097648054654,.6664555001512106,.423170981405972,Low human development
2018-19,Khyber Pakhtunkhwa,Q2,39.32933600646155,41.2,29.22528891954528,30.4,65.97181160864878,65.40000000000001,80.90609505615431,904,2773.480902134479,2857,31223.15603918057,.3596132031082279,.376,.6303355632099812,.6215384615384616,.4810083932413594,.4853034134609143,.4769128170600664,.4791523196264949,.4777346016932114,.4840494523856192,Low human development,Low human development,.3596132031082279,.6215384615384616,.4853034134609143,Low human development,.3596132031082279,.6303355632099812,.4853034134609143,Low human development
2018-19,Khyber Pakhtunkhwa,Q3,45.66360632186735,46.3,32.51604860789061,32.8,69.60753087853519,69.7,61.7491060916624,982,3458.653613170007,3187,38936.65947595792,.412810870838751,.4179999999999999,.6862697058236182,.6876923076923077,.512969023088178,.5011273544912441,.5220328112781082,.5216725932332987,.5257496970996354,.5242110677131634,Low human development,Low human development,.412810870838751,.6876923076923077,.5011273544912441,Low human development,.412810870838751,.6862697058236182,.5011273544912441,Low human development
2018-19,Khyber Pakhtunkhwa,Q4,55.01718784897086,55.8,35.87996085493575,35,74.73364935533777,72,38.89186262042976,811,4483.835089725391,4157,50477.89676601165,.4863811218429249,.4886666666666666,.7651330670051966,.7230769230769231,.5505498771224461,.5395933415020715,.574657745149587,.585589689045046,.5895266609039849,.5755564602122539,Medium human development,Medium human development,.4863811218429249,.7230769230769231,.5395933415020715,Medium human development,.4863811218429249,.7651330670051966,.5395933415020715,Medium human development
2018-19,Khyber Pakhtunkhwa,Q5,69.79392606760194,65.7,41.68058584361356,38.8,72.75988143139629,75.7,47.09774364433983,830,8161.284015319711,7320,91877.6992818975,.6042281265960581,.5673333333333332,.7347674066368661,.78,.6372528305690526,.6215036936861306,.6641197842372284,.6510257676821778,.656479040283201,.6503176471349242,Medium human development,Medium human development,.6042281265960581,.78,.6215036936861306,Medium human development,.6042281265960581,.7347674066368661,.6215036936861306,Medium human development
2018-19,Khyber Pakhtunkhwa-Rural,All,46.95098488461838,47,30.9572178329529,31,68.12499218106122,70,69.26403322503904,2116,3894.609921310699,3701,43844.5468260623,.4161972920072988,.4166666666666666,.6634614181701726,.6923076923076923,.5301546552860553,.5227730283650371,.5320721490549991,.5245771450724048,.5270346481181065,.5322720921779582,Low human development,Low human development,.4161972920072988,.6923076923076923,.5227730283650371,Low human development,.4161972920072988,.6634614181701726,.5227730283650371,Low human development
2018-19,Khyber Pakhtunkhwa-Rural,Q1,30.24483195925552,32,24.41972647614148,26.1,68.25713497787866,68.5,68.55862391672829,547,1973.105355077668,1814,22212.72781648512,.2830313013155084,.3003333333333333,.6654943842750564,.6692307692307692,.4317167584236969,.4195457609080254,.4299288297625478,.4291272236395101,.4332373827816653,.4385168219204982,Low human development,Low human development,.2830313013155084,.6692307692307692,.4195457609080254,Low human development,.2830313013155084,.6654943842750564,.4195457609080254,Low human development
2018-19,Khyber Pakhtunkhwa-Rural,Q2,38.16505723496103,40.1,29.54626285635449,29.3,65.87106750349986,68.09999999999999,81.478531964985,675,2679.393428022554,2745,30163.9427295565,.3529212577542551,.365,.6287856538999979,.663076923076923,.4760121626017969,.4795141162620368,.4823338143710561,.4738715255509284,.4727151241524699,.4877748360013577,Low human development,Low human development,.3529212577542551,.663076923076923,.4795141162620368,Low human development,.3529212577542551,.6287856538999979,.4795141162620368,Low human development
2018-19,Khyber Pakhtunkhwa-Rural,Q3,43.63906511205114,43.7,29.60818055542556,30.9,70.05014446950305,69.7,59.64194893604669,559,3295.996936944696,3185,37105.51119630371,.3896210359317594,.3943333333333333,.6930791456846623,.6876923076923077,.5059955998080524,.5010364788904564,.51203773752358,.5133712280324555,.515059406136795,.5140937621922487,Low human development,Low human development,.3896210359317594,.6876923076923077,.5010364788904564,Low human development,.3896210359317594,.6930791456846623,.5010364788904564,Low human development
2018-19,Khyber Pakhtunkhwa-Rural,Q4,51.09735607537272,53.2,33.43503216365809,34.2,71.89452669266981,71.09999999999999,50.88466433202965,200,4183.285259072007,4012,47094.38175683387,.4520991477146784,.4686666666666667,.7214542568103048,.7092307692307691,.5405058267397916,.5344536414494602,.5554484584957448,.5586213238120565,.5607220346567084,.5621521703441238,Medium human development,Medium human development,.4520991477146784,.7092307692307691,.5344536414494602,Medium human development,.4520991477146784,.7214542568103048,.5344536414494602,Medium human development
2018-19,Khyber Pakhtunkhwa-Rural,Q5,65.24881643880025,60.4,40.99558791393589,37.4,68.45797968175823,72.40000000000001,67.50020107199417,135,7340.406591274754,6747,82636.4660430924,.5716440693051212,.5273333333333333,.6685843027962804,.7292307692307693,.6219067055059226,.6097035700517649,.6334365830802696,.6153660589356668,.619444459020709,.6166276323994356,Medium human development,Medium human development,.5716440693051212,.7292307692307693,.6097035700517649,Medium human development,.5716440693051212,.6685843027962804,.6097035700517649,Medium human development
2018-19,Khyber Pakhtunkhwa-Urban,All,62.27229397954444,62.3,39.0287512476318,39,74.12450190577493,73.90000000000001,41.2589302530274,2060,5613.517580812982,4756,63195.58040566188,.5452444640224021,.5453333333333333,.7557615677811529,.7523076923076923,.5830783623794142,.5590806153155513,.612097210896957,.6130325021677514,.6216811001180278,.6121304643003045,Medium human development,Medium human development,.5452444640224021,.7523076923076923,.5590806153155513,Medium human development,.5452444640224021,.7557615677811529,.5590806153155513,Medium human development
2018-19,Khyber Pakhtunkhwa-Urban,Q1,40.19065943374791,40,33.2826096104173,38.2,70.81586907301759,69.8,55.83672616008917,102,2474.436962093173,2186,27856.59397080822,.3788797615930437,.394,.7048595242002706,.6892307692307692,.4644921314503103,.4465500525378947,.4885534335631586,.4922186234662195,.4987245882026861,.4949678695833788,Low human development,Low human development,.3788797615930437,.6892307692307692,.4465500525378947,Low human development,.3788797615930437,.7048595242002706,.4465500525378947,Low human development
2018-19,Khyber Pakhtunkhwa-Urban,Q2,51.05258426162362,52.7,38.27035917989168,37.9,67.85592243013534,72.7,70.72290639743628,229,3591.65990052443,2764,40434.01107519308,.4679184256771297,.4776666666666667,.6593218835405437,.7338461538461539,.5184317353229918,.4805126795673869,.5484790039664753,.5292458931352264,.5428165396176718,.5522617143739192,Low human development,Medium human development,.4679184256771297,.7338461538461539,.4805126795673869,Low human development,.4679184256771297,.6593218835405437,.4805126795673869,Low human development
2018-19,Khyber Pakhtunkhwa-Urban,Q3,60.7252467160507,62.2,37.23641340496906,36.9,67.01368812427803,75.90000000000001,75.21683906657751,423,4622.104730454386,3881,52034.50188438124,.5289563561235682,.5376666666666666,.6463644326812005,.7830769230769231,.5549465939208486,.5296478809133383,.6031201453320596,.5657547078934916,.574622764217906,.6064126595874206,Medium human development,Medium human development,.5289563561235682,.7830769230769231,.5296478809133383,Medium human development,.5289563561235682,.6463644326812005,.5296478809133383,Medium human development
2018-19,Khyber Pakhtunkhwa-Urban,Q4,68.99221200905433,69,42.1031729278644,39.9,77.5,74.40000000000001,23.0058463162941,611,6052.202112953904,5149,68134.18142089498,.6002919898199102,.593,.8076923076923077,.7600000000000001,.5939711409444863,.5705742972757448,.6385027638777507,.6515887334388104,.6603759977580224,.635906840230806,Medium human development,Medium human development,.6002919898199102,.7600000000000001,.5705742972757448,Medium human development,.6002919898199102,.8076923076923077,.5705742972757448,Medium human development
2018-19,Khyber Pakhtunkhwa-Urban,Q5,82.05265851809648,79,47.55082956094012,44.1,77.0720094768991,76.90000000000001,30.18610473548711,695,11324.75714349885,9799,127491.2905025457,.7055204886571103,.6736666666666666,.8011078381061399,.7984615384615386,.6846762991504609,.6637272525559577,.7204177874765125,.7212127909395262,.7287221470139369,.7094082531702551,High human development,High human development,.7055204886571103,.7984615384615386,.6637272525559577,High human development,.7055204886571103,.8011078381061399,.6637272525559577,High human development
2018-19,Pakistan,All,57.39593313481807,57.4,36.99897769854913,37,66.5578578978739,67.09999999999999,77.65497880913419,21148,4925,4922,55444.42125944308,.5059694798939508,.5059999999999999,.6393516599672908,.6476923076923076,.5641354116112101,.5640472031222613,.5696430941503854,.5671873323844295,.5672168973626039,.5696545475540523,Medium human development,Medium human development,.5059694798939508,.6476923076923076,.5640472031222613,Medium human development,.5059694798939508,.6393516599672908,.5640472031222613,Medium human development
2018-19,Pakistan,Q1,29.88601549042069,30.1,25.98087702046115,27.3,62.77030668773667,61.7,99.8602408408199,5151,2071.837134859381,2218,23324.22556062966,.2858430266710084,.2916666666666666,.5810816413497949,.5646153846153846,.4387852043133531,.4486538472710471,.4168027431229757,.4208158129310834,.4177074717181913,.4196143199607195,Low human development,Low human development,.2858430266710084,.5646153846153846,.4486538472710471,Low human development,.2858430266710084,.5810816413497949,.4486538472710471,Low human development
2018-19,Pakistan,Q2,42.28917305432095,43.1,33.39189393083063,33.2,65.77562020752475,64.8,82.02460783023247,4595,2995.530345553792,3100,33722.93327397554,.3932341334649084,.398,.6273172339619193,.6123076923076922,.4921579078241018,.4971205646114241,.4928266874944106,.4968211229677956,.4951623684814479,.494809662963606,Low human development,Low human development,.3932341334649084,.6123076923076922,.4971205646114241,Low human development,.3932341334649084,.6273172339619193,.4971205646114241,Low human development
2018-19,Pakistan,Q3,53.35968533378491,55.4,37.55452982389623,38.6,65.80295252997199,66.59999999999999,81.86786045753314,4002,3912.45813488321,3794,44045.47756150247,.4809130016382202,.4979999999999999,.6277377312303383,.6399999999999999,.5308165678089898,.5263657755175479,.5451441784926715,.5416400861605545,.5431624524024768,.551525571640567,Low human development,Medium human development,.4809130016382202,.6399999999999999,.5263657755175479,Low human development,.4809130016382202,.6277377312303383,.5263657755175479,Low human development
2018-19,Pakistan,Q4,66.21609285399953,66.7,43.8897259860987,45.1,70.44192637883383,70.2,57.66368144118772,3752,5298.539027275147,5066,59649.63043407981,.5877397056469925,.595,.6991065596743665,.6953846153846154,.5747187125172906,.5682217284848431,.6146708938657497,.6157655884247116,.6181035652940045,.6171915340494806,Medium human development,Medium human development,.5877397056469925,.6953846153846154,.5682217284848431,Medium human development,.5877397056469925,.6991065596743665,.5682217284848431,Medium human development
2018-19,Pakistan,Q5,82.86683915289211,79.40000000000001,53.9228686908146,50.7,70.71793152898789,72.09999999999999,56.30954462404358,3648,10346.56868104481,10433,116479.0888409358,.7321884899886627,.6983333333333333,.7033527927536598,.7246153846153846,.6715987816551402,.6728030691273562,.7093699774700422,.7023625698786136,.7019432537067396,.6982636415392197,High human development,Medium human development,.7321884899886627,.7246153846153846,.6728030691273562,High human development,.7321884899886627,.7033527927536598,.6728030691273562,High human development
2018-19,Pakistan-Rural,All,47.68115065436601,47.7,33.68789572657535,33.7,65.28450745056334,66.40000000000001,84.89277798172756,11545,3895.107537614811,3988,43850.14886626348,.4301673234510246,.4303333333333333,.6197616530855898,.636923076923077,.5301731507806109,.5335850498798727,.5267962622541545,.5220217407117284,.520906707402807,.5268640204908206,Low human development,Low human development,.4301673234510246,.636923076923077,.5335850498798727,Low human development,.4301673234510246,.6197616530855898,.5335850498798727,Low human development
2018-19,Pakistan-Rural,Q1,27.55341517196293,26.4,25.18040371338914,25.3,62.75181844621893,63.8,99.97828066434388,4521,1906.951616904026,1693,21467.98553685339,.2676241135243833,.2603333333333333,.5807972068649067,.5969230769230769,.426779891428172,.409552319369645,.4029498515921001,.3992881151268013,.4048100038870217,.3992569755922294,Low human development,Low human development,.2676241135243833,.5969230769230769,.409552319369645,Low human development,.2676241135243833,.5807972068649067,.409552319369645,Low human development
2018-19,Pakistan-Rural,Q2,35.62301479140532,36,30.21934780211858,31.5,65.27699455740911,64.7,84.93742443877473,3231,2639.992586588695,2494,29720.3778868285,.3382179246164307,.345,.6196460701139863,.6107692307692308,.4738675691070973,.4656321497141746,.4581829348018842,.4603919904996077,.4630903904076504,.4612252425869331,Low human development,Low human development,.3382179246164307,.6107692307692308,.4656321497141746,Low human development,.3382179246164307,.6196460701139863,.4656321497141746,Low human development
2018-19,Pakistan-Rural,Q3,43.36380584715864,44.1,33.71487229933014,34,66.18413285071294,66.59999999999999,79.71280240196188,2023,3302.664632016231,3352,37180.57444389268,.4014749466454913,.4073333333333333,.6336020438571222,.6399999999999999,.5062881585471108,.5084346699860797,.5074086424837579,.5057121547081229,.5049994783340808,.5098647967898456,Low human development,Low human development,.4014749466454913,.6399999999999999,.5084346699860797,Low human development,.4014749466454913,.6336020438571222,.5084346699860797,Low human development
2018-19,Pakistan-Rural,Q4,53.1934295212636,55.4,39.14895767039241,39.2,70.99200380557239,67.40000000000001,54.99635902558941,1094,4245.618077376118,4353,47796.10907385752,.4851193890430653,.4999999999999999,.7075692893164984,.6523076923076924,.5426469746011789,.5462628890524661,.5570586768787285,.5723650431446863,.571099348262004,.5626971737675176,Medium human development,Medium human development,.4851193890430653,.6523076923076924,.5462628890524661,Medium human development,.4851193890430653,.7075692893164984,.5462628890524661,Medium human development
2018-19,Pakistan-Rural,Q5,69.05007424364742,66.59999999999999,47.61959951174408,46.4,66.68685447832199,69.5,76.95709435697273,676,7380.20210391673,8047,83084.47399581468,.619065826663463,.5986666666666666,.6413362227434153,.6846153846153846,.6226894183228561,.6352113337756516,.6457046410007551,.63180095738209,.6276218124902077,.6385329654682644,Medium human development,Medium human development,.619065826663463,.6846153846153846,.6352113337756516,Medium human development,.619065826663463,.6413362227434153,.6352113337756516,Medium human development
2018-19,Pakistan-Urban,All,72.6598077686853,72.7,43.72491651833325,43.7,69.41323331244061,69.90000000000001,62.68554915249914,9603,6724.436791900082,6556,75702.03172032612,.6301484401856795,.6303333333333333,.6832805124990863,.6907692307692308,.6092186385587489,.6055463149661537,.6411717884871243,.6388463560254499,.6401351778577726,.6412344915318852,Medium human development,Medium human development,.6301484401856795,.6907692307692308,.6055463149661537,Medium human development,.6301484401856795,.6832805124990863,.6055463149661537,Medium human development
2018-19,Pakistan-Urban,Q1,48.86608188910395,48.6,33.17901898928252,34.1,63.0548631504096,67,98.06094505981045,630,2849.937126192075,2677,32083.88113452182,.4363706092249681,.4376666666666666,.5854594330832246,.6461538461538462,.4849450929795573,.4758827903956441,.5119534512366027,.4953940275303272,.4985188941917795,.5124597985505294,Low human development,Low human development,.4363706092249681,.6461538461538462,.4758827903956441,Low human development,.4363706092249681,.5854594330832246,.4758827903956441,Low human development
2018-19,Pakistan-Urban,Q2,62.20922442733854,63.6,39.34823667719263,40.2,69.39074635035936,68.8,62.79484090833953,1364,4187.297416295359,3608,47139.54962185938,.545888951772899,.5580000000000001,.6829345592362979,.6738461538461538,.5406446030507246,.5190888429566346,.5758405591514394,.5784178628709854,.5863160133215169,.5800679660191633,Medium human development,Medium human development,.545888951772899,.6738461538461538,.5190888429566346,Medium human development,.545888951772899,.6829345592362979,.5190888429566346,Medium human development
2018-19,Pakistan-Urban,Q3,72.04170940804575,72.3,45.26642548953282,46.4,64.94985680630265,69.7,86.87791347082485,1979,5393.783432026421,4802,60721.86818019849,.6311661476854143,.6366666666666666,.6146131816354253,.6876923076923077,.5772978349780216,.5604740519070029,.6242584912180656,.6013126767690763,.6072700075055131,.6260666885510426,Medium human development,Medium human development,.6311661476854143,.6876923076923077,.5604740519070029,Medium human development,.6311661476854143,.6146131816354253,.5604740519070029,Medium human development
2018-19,Pakistan-Urban,Q4,80.61910530211819,80,51.8305154142846,49.7,70.01806930122548,70.7,59.80688420561109,2658,7150.208978158167,6400,80495.26876711745,.7102290867284032,.6990000000000001,.692585681557315,.7030769230769232,.6181062450168929,.6020599913279623,.6699057239879233,.6665569234193635,.6724268268803988,.6663564344967371,Medium human development,Medium human development,.7102290867284032,.7030769230769232,.6020599913279623,Medium human development,.7102290867284032,.692585681557315,.6020599913279623,Medium human development
2018-19,Pakistan-Urban,Q5,91.31025865321848,90.09999999999999,57.86387720687804,57.9,72.33905185390634,73.3,48.97396696823464,2972,14040.6844268904,15292,158066.5222609976,.8016146483777167,.7936666666666665,.7282931054447129,.7430769230769231,.7157960928063085,.7281547631156636,.7569625107105694,.7519088202833161,.7476305778886528,.754452444166823,High human development,High human development,.8016146483777167,.7430769230769231,.7281547631156636,High human development,.8016146483777167,.7282931054447129,.7281547631156636,High human development
2018-19,Punjab,All,61.95352350152772,62,42.85546001368586,42.9,65.31986827829245,63.9,84.68295609993292,5402,5235.829304277714,4890,58943.66001805287,.5558750233891376,.5563333333333333,.6203056658198838,.5984615384615385,.5729951598239303,.5631029530412066,.5721814009935356,.5790600069307004,.5824311855976256,.5723386092256187,Medium human development,Medium human development,.5558750233891376,.5984615384615385,.5631029530412066,Medium human development,.5558750233891376,.6203056658198838,.5631029530412066,Medium human development
2018-19,Punjab,Q1,33.46962911846585,34.7,32.09305101956667,33.7,59.09254766085949,58.2,123.473722478515,777,2106.820414508496,2016,23718.05859492457,.3301076975216612,.3436666666666667,.5245007332439922,.5107692307692309,.4412091726331763,.4348301759244959,.4185365125445855,.4222540354332015,.424308854370312,.4241901740376449,Low human development,Low human development,.3301076975216612,.5107692307692309,.4348301759244959,Low human development,.3301076975216612,.5245007332439922,.4348301759244959,Low human development
2018-19,Punjab,Q2,49.051252789642,50,39.60857721605948,40,64.46020375619287,61.7,89.63908483004191,1077,3117.452719202749,2886,35095.50493804539,.4590369426511449,.4666666666666667,.6070800577875826,.5646153846153846,.4979332918267175,.4867654422524918,.5015412923369501,.513812242308916,.5177120296508413,.5043047694913609,Low human development,Low human development,.4590369426511449,.5646153846153846,.4867654422524918,Low human development,.4590369426511449,.6070800577875826,.4867654422524918,Low human development
2018-19,Punjab,Q3,60.22836280965102,61.8,44.75245258280053,43.9,64.11888631583084,63.5,91.61552703949161,1238,4156.481820795037,3865,46792.63533591411,.5506972606736752,.5583333333333333,.6018290202435513,.5923076923076923,.5395752951227489,.5290498327514479,.5567398270050608,.5597071752060562,.5633946253219282,.5593013105735861,Medium human development,Medium human development,.5506972606736752,.5923076923076923,.5290498327514479,Medium human development,.5506972606736752,.6018290202435513,.5290498327514479,Medium human development
2018-19,Punjab,Q4,70.87100652908379,70.7,48.77692896918826,50.6,68.87026429906732,67,65.37844104186907,1172,5683.429436722253,5065,63982.63063714678,.6350631400911861,.64,.6749271430625741,.6461538461538462,.5848701574435352,.5681931498987663,.6154833060640835,.6244868025529617,.6305377427127459,.6170740743835155,Medium human development,Medium human development,.6350631400911861,.6461538461538462,.5681931498987663,Medium human development,.6350631400911861,.6749271430625741,.5681931498987663,Medium human development
2018-19,Punjab,Q5,85.10435136724668,81.09999999999999,58.20514021534004,55.8,69.01150751197856,68.90000000000001,64.66699945030663,1138,11114.61560185315,10617,125125.5694550101,.7613794764994446,.7266666666666666,.677100115568901,.6753846153846155,.681964815750886,.675333939119059,.702894753670627,.7034893761282751,.7057843231298488,.6920460478087761,High human development,Medium human development,.7613794764994446,.6753846153846155,.675333939119059,High human development,.7613794764994446,.677100115568901,.675333939119059,High human development
2018-19,Punjab-Rural,All,53.22157099580183,53.2,40.02669286829308,40,64.00141607526722,63.2,92.30578538265821,3452,4124.730209547735,4336,46435.18361821636,.4882327828663224,.488,.6000217857733418,.5876923076923077,.538465182490346,.5456964245101102,.5389841788241373,.5427273254907113,.5403193585488579,.5388985050554271,Low human development,Low human development,.4882327828663224,.5876923076923077,.5456964245101102,Low human development,.4882327828663224,.6000217857733418,.5456964245101102,Low human development
2018-19,Punjab-Rural,Q1,30.96509761784096,30.4,31.35446835297582,32.2,58.95729812832666,59.6,124.3739335807749,751,1929.466988134792,1857,21721.45796879884,.3109488786288592,.31,.5224199712050256,.5323076923076924,.4284791174961241,.4229373012465935,.4121379206372206,.4095701072676363,.4113512382009502,.4117182725240796,Low human development,Low human development,.3109488786288592,.5323076923076924,.4229373012465935,Low human development,.3109488786288592,.5224199712050256,.4229373012465935,Low human development
2018-19,Punjab-Rural,Q2,39.69522536012888,42.2,35.93252802677643,37.5,63.89518825732262,63.1,92.93445971378844,955,2715.452310182626,2668,30569.88462856719,.3844099291567806,.4063333333333333,.5983875116511171,.5861538461538461,.4779473933163247,.4753952750815037,.4749198904376961,.4782011978745471,.4790553983221126,.483781930980563,Low human development,Low human development,.3844099291567806,.5861538461538461,.4753952750815037,Low human development,.3844099291567806,.5983875116511171,.4753952750815037,Low human development
2018-19,Punjab-Rural,Q3,52.20222138742543,51.4,40.83994022802944,40.8,64.43798740326508,62.2,89.76642407072366,869,3461.820814606926,3550,38972.31503954819,.4841479433429343,.4786666666666667,.6067382677425397,.5723076923076924,.5131015282815253,.516742784351698,.523151367847857,.5334388393286179,.5321829161400811,.521169585479521,Low human development,Low human development,.4841479433429343,.5723076923076924,.516742784351698,Low human development,.4841479433429343,.6067382677425397,.516742784351698,Low human development
2018-19,Punjab-Rural,Q4,59.55634072140985,61.7,48.30580591371872,47.3,69.85639290923218,64.5,60.57008746892145,597,4539.10331473726,4686,51100.09265429992,.5580616245217946,.569,.6900983524497259,.6076923076923076,.5523233559506091,.5569340947536481,.5737507081004722,.5985939435104561,.5969374866405831,.5774751101039012,Medium human development,Medium human development,.5580616245217946,.6076923076923076,.5569340947536481,Medium human development,.5580616245217946,.6900983524497259,.5569340947536481,Medium human development
2018-19,Punjab-Rural,Q5,73.96144949493333,70.2,51.98574611605312,50.9,65.95912741936478,66.8,80.9779458537524,280,7977.067792471556,8920,89803.8390052647,.6663621503530659,.6376666666666667,.6301404218363812,.643076923076923,.6339477609612578,.6501216181253743,.6531144380535744,.6487052648580244,.6432804864840409,.6436015519854972,Medium human development,Medium human development,.6663621503530659,.643076923076923,.6501216181253743,Medium human development,.6663621503530659,.6301404218363812,.6501216181253743,Medium human development
2018-19,Punjab-Urban,All,75.67250042415883,75.7,48.27936153383048,48.3,68.10481813348323,66.5,69.37236380817124,1950,7129.010994223134,5909,80256.62715267179,.665414541273827,.6656666666666666,.6631510482074344,.6384615384615384,.617676428158024,.5905046633265555,.6306912217575666,.6387183006182662,.6483685270153715,.6307708679445416,Medium human development,Medium human development,.665414541273827,.6384615384615384,.5905046633265555,Medium human development,.665414541273827,.6631510482074344,.5905046633265555,Medium human development
2018-19,Punjab-Urban,Q1,55.13487915608333,55.7,39.28234331496747,40.6,66.05830602100085,63.1,80.41783590328744,26,2937.388813469027,2271,33068.39041152333,.4985070054237804,.5066666666666667,.631666246476936,.5861538461538461,.489320478867931,.452072378073245,.5092882059964942,.5221424101988363,.5361061337816515,.5120518915709308,Low human development,Low human development,.4985070054237804,.5861538461538461,.452072378073245,Low human development,.4985070054237804,.631666246476936,.452072378073245,Low human development
2018-19,Punjab-Urban,Q2,66.52412731837676,67.90000000000001,43.4677030967998,43.4,71.04416410616285,66.40000000000001,54.74992983290117,122,4407.616565218516,3189,49619.84763290863,.588386525778511,.5973333333333333,.7083717554794285,.636923076923077,.5480679355373826,.5012181730809863,.5726977859314605,.5933581629937622,.6112977302612991,.5755859461779754,Medium human development,Medium human development,.588386525778511,.636923076923077,.5012181730809863,Medium human development,.588386525778511,.7083717554794285,.5012181730809863,Medium human development
2018-19,Punjab-Urban,Q3,75.79102465580544,74.7,48.42025646662728,50.9,63.231975727331,63.9,96.9574405510012,369,5740.444390759902,4308,64624.49076501503,.6666743525941272,.6676666666666666,.5881842419589385,.5984615384615385,.586315171390749,.5447585648753146,.6012448275547918,.5977832383043661,.6126128304532275,.6015429880834949,Medium human development,Medium human development,.6666743525941272,.5984615384615385,.5447585648753146,Medium human development,.6666743525941272,.5881842419589385,.5447585648753146,Medium human development
2018-19,Punjab-Urban,Q4,82.56904037419389,82.09999999999999,56.67969461789658,54,67.77071997231998,68.7,71.19124192789516,575,7677.744521779246,5970,86434.13230211368,.7393925845542811,.7273333333333332,.6580110764972305,.6723076923076924,.6284112189336633,.5919914437097897,.665149905289954,.6604012828640815,.6736754817429988,.6615139401204007,Medium human development,Medium human development,.7393925845542811,.6723076923076924,.5919914437097897,Medium human development,.7393925845542811,.6580110764972305,.5919914437097897,Medium human development
2018-19,Punjab-Urban,Q5,91.98522924559197,90.7,60.79706361251169,60.6,70.31908341111389,70.40000000000001,58.27679977878275,858,14880.47543261945,13809,167520.6798836439,.815891740345652,.8066666666666666,.6972166678632907,.6984615384615386,.7242056023939814,.7133874098712123,.7407986082506013,.7403582371501292,.7440818752609306,.7379960137087271,High human development,High human development,.815891740345652,.6984615384615386,.7133874098712123,High human development,.815891740345652,.6972166678632907,.7133874098712123,High human development
2018-19,Sindh,All,56.49559137028184,56.5,32.1979957723422,32.2,66.73947987823176,67.90000000000001,76.67419012055309,4560,5062.431717962363,6017,56991.59325235968,.4839639283763529,.4839999999999999,.6421458442804886,.6600000000000001,.5681197261672689,.5931266704972185,.5743387613883221,.5691123902812464,.5609991193998769,.5743530302320246,Medium human development,Medium human development,.4839639283763529,.6600000000000001,.5931266704972185,Medium human development,.4839639283763529,.6421458442804886,.5931266704972185,Medium human development
2018-19,Sindh,Q1,25.38941600417249,25.4,18.45972780832454,20.6,62.80767379414004,64.7,99.62209253832832,1745,2063.432497449332,2401,23229.60824954426,.2307951993888984,.238,.5816565199098467,.6107692307692308,.4381967553527406,.460130720019009,.4017862315206182,.3952982275101147,.3889145367362958,.405924357705289,Low human development,Low human development,.2307951993888984,.6107692307692308,.460130720019009,Low human development,.2307951993888984,.5816565199098467,.460130720019009,Low human development
2018-19,Sindh,Q2,36.25126186625025,37.5,31.24647644910482,29.2,65.85247824073575,62.2,81.58459956803021,671,3045.185652485506,3692,34281.940330887,.3458300006053511,.3473333333333333,.6284996652420884,.5723076923076924,.494537924976734,.5224205641179582,.4693579418584428,.4842422289814394,.4754692548050506,.4700370628073227,Low human development,Low human development,.3458300006053511,.5723076923076924,.5224205641179582,Low human development,.3458300006053511,.6284996652420884,.5224205641179582,Low human development
2018-19,Sindh,Q3,50.97534339285954,52.3,32.70888760332903,33.6,66.5056576760624,66.8,77.93918270904798,636,4031.316876299932,4884,45383.55961824885,.4488652479634937,.4606666666666667,.6385485796317292,.643076923076923,.5351489788782509,.5629252184242814,.5456864932203492,.5444026246330232,.5352970816426063,.5504275200975181,Low human development,Medium human development,.4488652479634937,.643076923076923,.5629252184242814,Low human development,.4488652479634937,.6385485796317292,.5629252184242814,Low human development
2018-19,Sindh,Q4,68.08545210998503,66.2,40.49708780754786,41.3,72.12078488970822,71.7,49.90300467139097,830,5412.837480658238,6308,60936.37390589197,.588893306758393,.579,.7249351521493572,.7184615384615385,.5778083292278466,.5999638948856217,.6331720748440051,.6350680992094393,.6271525490969942,.6296063040567952,Medium human development,Medium human development,.588893306758393,.7184615384615385,.5999638948856217,Medium human development,.588893306758393,.7249351521493572,.5999638948856217,Medium human development
2018-19,Sindh,Q5,85.39878685251922,84.8,50.88168744301852,48.7,76.5838718454348,74.2,31.84861856796939,678,10758.91225977807,12799,121121.1499745222,.7389308704935231,.7276666666666666,.7935980283913047,.7569230769230769,.677256121934924,.702392013022013,.7323944429035023,.7440372034759116,.7350537711804765,.7286538499056527,High human development,High human development,.7389308704935231,.7569230769230769,.702392013022013,High human development,.7389308704935231,.7935980283913047,.702392013022013,High human development
2018-19,Sindh-Rural,All,36.933366184478,36.9,25.51432874128472,25.5,63.82887180386972,66,93.32910083052093,2296,3380.893699311588,4381,38061.25776609717,.3312702037008024,.331,.5973672585210726,.6307692307692307,.5096771720231598,.547191084392725,.4853599782667321,.4766368337762623,.4654856790360401,.4852279795399168,Low human development,Low human development,.3312702037008024,.6307692307692307,.547191084392725,Low human development,.3312702037008024,.5973672585210726,.547191084392725,Low human development
2018-19,Sindh-Rural,Q1,22.17757838615217,22.6,16.94590278977825,17.8,62.73636121392751,65.59999999999999,100.0770758247378,1585,1783.037407392458,1884,20072.99028158632,.2043368652069419,.21,.5805594032911925,.6246153846153846,.4170534848635945,.4250269661522861,.3785517830642006,.3694337982625205,.3671090139164063,.3820171136361707,Low human development,Low human development,.2043368652069419,.6246153846153846,.4250269661522861,Low human development,.2043368652069419,.5805594032911925,.4250269661522861,Low human development
2018-19,Sindh-Rural,Q2,27.26814125845981,27.4,21.52152543255128,25.5,64.40316884053691,63.8,89.966360417158,400,2434.814950044524,2818,27410.53924447887,.2535260264982363,.2676666666666666,.6062025975467217,.5969230769230769,.4621553199024499,.4833136629244458,.4182057474521534,.4203616987486454,.4141357920947842,.4258407754442066,Low human development,Low human development,.2535260264982363,.5969230769230769,.4833136629244458,Low human development,.2535260264982363,.6062025975467217,.4833136629244458,Low human development
2018-19,Sindh-Rural,Q3,31.10451117304669,31.7,30.15564343254545,25.1,66.68618719664632,63.5,76.9606882311471,188,3003.648992699174,3978,33814.33097801317,.3078822192621293,.295,.6413259568714818,.5923076923076923,.4925497265056689,.5332215929294721,.459846871732442,.4721975376367472,.4598729195825484,.4533417383450802,Low human development,Low human development,.3078822192621293,.5923076923076923,.5332215929294721,Low human development,.3078822192621293,.6413259568714818,.5332215929294721,Low human development
2018-19,Sindh-Rural,Q4,37.99484156308832,37.9,28.69919343265601,28.2,77.5,66.5,13.48702435998272,86,3724.321758967269,5368,41927.48517967336,.3489629218627755,.3466666666666666,.8076923076923077,.6384615384615384,.5236823981191728,.5766041690536451,.5045806605271732,.5457172347827312,.5284830580295581,.5034714723138294,Low human development,Low human development,.3489629218627755,.6384615384615384,.5766041690536451,Low human development,.3489629218627755,.8076923076923077,.5766041690536451,Low human development
2018-19,Sindh-Rural,Q5,56.8296990071292,56.1,37.91925094022314,38.3,66.33198866721577,70.40000000000001,78.89223100253484,37,5958.311834312494,7855,67077.18808867958,.505262163181605,.5016666666666667,.6358767487263964,.6984615384615386,.5917077429058114,.6317153964586639,.6063549282453095,.5876747906869598,.5749971050553733,.6049132087350505,Medium human development,Medium human development,.505262163181605,.6984615384615386,.6317153964586639,Medium human development,.505262163181605,.6358767487263964,.6317153964586639,Medium human development
2018-19,Sindh-Urban,All,72.2096829331765,72.2,39.58424301282641,39.6,70.68466031479379,70.40000000000001,56.47107931369744,2264,6612.538713069663,7547,74442.31106635736,.613345362930598,.6133333333333333,.7028409279199045,.6984615384615386,.6067894092084061,.6259247833304659,.644846841097332,.646191774924565,.6395385195456107,.6448426252569156,Medium human development,Medium human development,.613345362930598,.6984615384615386,.6259247833304659,Medium human development,.613345362930598,.7028409279199045,.6259247833304659,Medium human development
2018-19,Sindh-Urban,Q1,45.47163611428282,45.6,29.13702341565935,30.9,63.52002697920177,67.09999999999999,95.18918892667961,160,2927.716258663996,3478,32959.49920273852,.4002676521474166,.407,.5926157996800272,.6476923076923076,.4888429948405738,.5137765258888979,.510698399622045,.4957917842810091,.4876381840324346,.5135457452148062,Low human development,Low human development,.4002676521474166,.6476923076923076,.5137765258888979,Low human development,.4002676521474166,.5926157996800272,.5137765258888979,Low human development
2018-19,Sindh-Urban,Q2,61.79236977515601,63.6,36.24232000025457,36.1,68.85662945947558,68.59999999999999,65.44753257560964,271,4224.050578662863,4404,47553.30755422905,.5327568651685552,.5443333333333333,.6747173762996244,.6707692307692307,.5419097032622684,.5479491034332381,.5806941746745751,.5818312679551838,.5796857515300778,.5848701108305419,Medium human development,Medium human development,.5327568651685552,.6707692307692307,.5479491034332381,Medium human development,.5327568651685552,.6747173762996244,.5479491034332381,Medium human development
2018-19,Sindh-Urban,Q3,72.09754982728023,70.7,43.2545114911918,42.8,66.41879875785177,70.5,78.4143929239427,448,5310.154900645782,5778,59780.39903843671,.6248320371525075,.6140000000000001,.637212288582335,.7,.5750357299721974,.5872591791693927,.6356680463818261,.6160638824674747,.6117595448379062,.6319733164565726,Medium human development,Medium human development,.6248320371525075,.7,.5872591791693927,Medium human development,.6248320371525075,.637212288582335,.5872591791693927,Medium human development
2018-19,Sindh-Urban,Q4,79.87031259820191,79.3,46.44233524775296,45.8,71.15750866983777,71.7,54.21823816648319,744,6849.402813215547,7190,77108.86801046443,.6872765348138559,.6813333333333332,.7101155179975042,.7184615384615385,.611884235936348,.6189096301276276,.6735772753881667,.6709589030495275,.668410496664586,.6716300725709875,Medium human development,Medium human development,.6872765348138559,.7184615384615385,.6189096301276276,Medium human development,.6872765348138559,.7101155179975042,.6189096301276276,Medium human development
2018-19,Sindh-Urban,Q5,92.10365381440994,91.90000000000001,52.53488773270093,52.5,77.18804043295718,74.09999999999999,29.80386242983191,641,13749.5156219298,16886,154788.6164985928,.7891406512050693,.7876666666666667,.8028929297378028,.7553846153846153,.7127624662632234,.7425089283124005,.7620931836173538,.7777462215157988,.7672183068024363,.7616183997781035,High human development,High human development,.7891406512050693,.7553846153846153,.7425089283124005,High human development,.7891406512050693,.8028929297378028,.7425089283124005,High human development
