year,domain,hdi_ehi,pub_hdi,ihdi_m,pub_ihdi,loss_m,pub_loss,chi_m,a_edu_m,a_health_m,a_inc_m
2006-07,Balochistan,.4580026518278639,.47,.4356291474005216,.443,4.885016350462356,5.76,4.827227955847361,.0670968018802505,.0013191888169941,.0764008479781763
2006-07,Khyber Pakhtunkhwa,.4984746162342916,.491,.4745872196350138,.458,4.792098899585739,6.74,4.693053894425573,.0359756763355331,.0003678826835657,.1044480578136684
2006-07,Pakistan,.5164000086088461,.529,.4813572013371626,.491,6.785981155594268,7.08,6.6083355852387,.0560914872728758,.0014997275020359,.1406588527822493
2006-07,Punjab,.5230864588722872,.527,.4891022323371834,.492,6.49686604550419,6.66,6.323374030603941,.0497378261657905,.001691987206493,.1382714075458348
2006-07,Sindh,.5190848194473714,.529,.4764066934089733,.488,8.221801994486011,7.72,7.969895536694827,.0683889793980762,.0031512260860441,.1675566606167245
2018-19,Balochistan,.4761374051414231,.473,.4512264000762921,.447,5.231894154111227,5.57,5.165933644480014,.0786624479006387,.0012524808094865,.0750630806242752
2018-19,Khyber Pakhtunkhwa,.5435255849833774,.546,.5170878838025762,.523,4.864113467926224,4.19,4.749270863193585,.0306993159740748,.0009869184834749,.1107918914382579
2018-19,Pakistan,.5672168973626039,.57,.529299007484984,.534,6.684901323272852,6.26,6.493043352659001,.049694435336889,.0010327720560946,.1440640931867864
2018-19,Punjab,.5824311855976256,.572,.5438184690280223,.535,6.629575737772909,6.51,6.404564545717273,.0384417311736058,.0016094060940927,.1520857991038197
2018-19,Sindh,.5609991193998769,.574,.5172362648242331,.531,7.80087758826763,7.55,7.604189712677241,.0756016106100774,.0025219116578061,.1500021691124337
