domain,worstpc_exp,worstpc_inc,aggregate
Balochistan,.0636159157635667,.1683376475003457,1
Balochistan-Rural,.1175375023699279,.2054546162668487,0
Balochistan-Urban,.1366665192695908,.0703311218304501,0
Khyber Pakhtunkhwa,.0592291249981239,.5322409079280859,1
Khyber Pakhtunkhwa-Rural,.0970185956867016,.5454210528514245,0
Khyber Pakhtunkhwa-Urban,.1567838766767762,.3576969118035889,0
Pakistan,.0286985737582903,.298794342646485,1
Pakistan-Rural,.1841924432305115,.2441211073344771,0
Pakistan-Urban,.1781148678945228,.1306444476000028,0
Punjab,.0499152962373612,.295179545606564,1
Punjab-Rural,.2260413165154804,.2519667293794745,0
Punjab-Urban,.1642288738947766,.1440988220091852,0
Sindh,.027006305255184,.1445468189609791,1
Sindh-Rural,.1329225027035719,.1344870443859254,0
Sindh-Urban,.1293247338924384,.0963106901252874,0
