region,epr,humcap,wbar,wtop,wbot,wf,wm,mwok,dh,fe,cf,n_ee,n_se,n_emp,skillprem,wr,decentwork,LI,G,lshare,year,r_i_ep,r_i_ls,r_i_sp,r_i_hc,r_i_dw,r_ldidw,r_ldin,p_epr,p_lshare,p_skillprem,p_humcap,p_decentwork,pub_ldidw,i_ls_pub,ldidw_nhdr_ls,status
Balochistan,.4067883598715111,4.638358285746824,16073.17901930437,25601.88059543359,12808.91677081041,17630.04933288485,16026.36056450289,.6404111741323236,.4424476255647599,.1623663710070069,.320509536611698,678665.9355937763,999310.0780056226,2475632.29657971,1.998754543692283,1.100065686275273,20.29008038258516,285095890809.1917,747687629383.8286,.4682068619847545,2012-13,.3552916025637823,.6156966244113944,.2249479965449752,.3672734074580059,.5352090030930772,.3954661791623193,.3666534977074083,.407,.35,2.09,4.63,20.35,.376,.4374057315233785,.3693285553961046,Low labour development
Khyber Pakhtunkhwa,.3369346227532831,6.081736600603617,14047.31469113829,23464.45383707202,10620.69216719682,13411.67407624062,14092.95677147688,.5179063045998595,.5800847579996181,.1500954155748069,.2343670909017252,2439837.323160029,2252909.764408507,6144679.304855016,2.209314936134255,.9516579305334185,20.10584400380164,715092343424.6525,3148158439510.857,.2957079339751728,2012-13,.2764499128140893,.3555172458147403,.2695582491809863,.5438982624331398,.5283087641873274,.3769702249506553,.3464669852446448,.337,.35,2.34,5.95,19.12,.394,.4374057315233785,.3929269418052347,Low labour development
Pakistan,.4284408236968137,5.655754830434229,12406.77591242418,24229.31592717306,9015.357716841301,8043.671658153209,13111.36120422955,.4102612753283588,.4982545785401086,.1508442276095523,.2632045579488996,21765147.93411278,19427959.29063111,56012152.85133632,2.687560126639351,.6134886784721048,16.93709020432178,5554391796035.364,25042169405200,.2893539911782843,2012-13,.3797300493192028,.3459336216867032,.3708813827625744,.4917712714677227,.4096288466038118,.3966169696183107,.3934291021741109,.428,.32,2.81,5.58,16.85,.411,.392156862745098,.406691130619491,Low labour development
Pakistan - Female,.1956200789517532,3.342013852522357,8043.671658153209,15697.28667698947,4580.679593109101,8043.671658153209,,.1926892356920214,.8836020305351506,.0689450788659811,.6051099323838414,3057122.104890076,1872687.252929447,12517789.52368212,3.42684668462809,.6134886784721048,12.32480449719015,439693338424.7603,5596510576243.756,.1085805889075942,2012-13,.1169526850471255,.073273889755044,.5275098908110361,.2086409511162944,.2368840635651741,.1861337340268571,.175245712371434,.196,.12,3.63,3.27,11.92,.193,.0904977375565611,.1941613508420302,Low labour development
Pakistan - Male,.6516541166002744,6.348169438219458,13111.36120422955,27785.2410406649,9878.802396779469,,13111.36120422955,.4453963649576747,.3875157572442449,.1744150130563404,.164803312666819,18708025.82922302,17555272.03770196,43494363.32765395,2.812612290911194,.6134886784721048,17.28395166226225,5153117930938.272,19445658828956.13,.3399626003973069,2012-13,.6316637884878944,.4222663656067978,.3973754853625412,.5765013996842216,.422619912444279,.4812877111304393,.4971855261097322,.652,.38,2.94,6.27,17.56,.501,.4826546003016591,.4943274924061117,Low labour development
Punjab,.4524490578215685,5.418926263127043,11050.86676945516,21921.92768673911,8320.947935088541,7098.246931029877,11961.84275480337,.3536247129699673,.4998870838204778,.1305072938195997,.2624750956247665,12957993.93454621,11650908.13874469,33428942.83976023,2.634546911932557,.5934074771363735,15.87946266022846,2954390057251.451,13512039120491.49,.2855933353768991,2012-13,.4068273790311156,.340261440990798,.3596497694772367,.4627907810972887,.3700173280984441,.3856043207285589,.3896026020593302,.452,.31,2.76,5.32,15.75,.398,.3770739064856712,.3936086556713707,Low labour development
Sindh,.4292628030200809,6.213308407392423,14335.87493909131,27830.33586522015,9710.87000693453,10935.35159905491,14606.62591990157,.464917770957251,.4685424380954816,.1978200629573595,.2674813265409146,5688650.740813304,4524831.309472653,13962898.41014011,2.865895212823003,.748656921798447,18.82345725115721,1601348618531.238,7634284215813.828,.2749377869271123,2012-13,.3806577912190529,.3241897238719643,.4086642400048735,.5599985814234488,.4802792977961502,.4231323983869501,.4099414970956439,.429,.32,2.97,6.2,18.87,.443,.392156862745098,.4395501116036074,Low labour development
Balochistan,.4217296354058764,5.395287359305996,20228.69874380615,33148.69143313394,14580.38179309058,21760.51730738913,20166.9589798472,.6809662667821931,.356932714754728,.1677568965636859,.2775757571331727,872282.0309921036,1352915.821855507,3080835.590141914,2.27351326621931,1.079018275840912,19.97297184615489,474471740320.9178,882350517633.6,.6243156954881693,2014-15,.3721553447018921,.8511548951556099,.2831595903007014,.4598981105367103,.5233322788822058,.4643448754323868,.4506677081876098,,,,,,,,,Low labour development
Khyber Pakhtunkhwa,.3353409995872208,6.324783951085394,16738.86885835317,27358.41835169422,12876.84502087825,17376.81052752821,16694.23790338509,.5130390931039768,.5483434803860112,.1495505272173321,.1579360825720594,2528581.614981561,2600789.006720419,6093072.527000121,2.124621233488161,1.040886719603098,20.57538278123223,925836107282.5315,3955364389392,.303900972532572,2014-15,.2746512410690979,.3678747700340452,.2516146681118985,.57363973948671,.545894486188473,.3803584705827693,.3475075052210965,,,,,,,,,Low labour development
Pakistan,.4253672006054366,5.914109499356016,15350.09632694877,31044.80570600926,10748.89339936402,10041.38596161901,16280.57985261721,.3842263633232029,.4708184564179458,.1630249141121993,.2377961082222421,22240535.85778873,21506631.17284017,57420250.69312783,2.888186211600729,.6167707816625951,16.91912560672037,7265969471004.238,30425879918400,.3094811448821254,2014-15,.3762609487646011,.376291319580883,.4133869092374425,.5233858907679902,.4089560152329726,.4164604225832407,.4183579432243182,,,,,,,,,Low labour development
Pakistan - Female,.200489862547465,3.594131681099139,10041.38596161901,19353.80389440903,6711.024354365659,10041.38596161901,,.1833722893533302,.8746017345427101,.0744946452877199,.5453515526802643,3323437.75744758,2741843.658725047,13344077.63234862,2.883882232049863,.6167707816625951,12.73543314579752,664769394970.6721,7070768566188.756,.1291072870856922,2014-15,.1224490547939786,.104234218832115,.4124750491631065,.2394923740943636,.2522634137002815,.1997569409790272,.1884359585943851,,,,,,,,,Low labour development
Pakistan - Male,.6440827209806573,6.647257634663948,16280.57985261721,35646.01798067063,11620.8295549343,,16280.57985261721,.4194310352738331,.3489132324875409,.189827485614441,.1446835841054194,18917098.10034104,18764787.51411494,44076173.06077848,3.067424559680857,.6167707816625951,17.10793294713998,6628591481221.796,23355111352210.85,.3614841746122844,2014-15,.6231181952377622,.4547272618586491,.4513611355256053,.6131005426656814,.4160274512037443,.5043126418578852,.5291689116004299,,,,,,,,,Low labour development
Punjab,.4540956666451381,5.623167919355038,13787.17878239977,27849.92903964938,10237.37044879581,9130.884858523284,15015.63398203675,.3207545273818749,.4940828175981391,.1470749053502872,.2530542636666981,13083413.77407138,12746247.58533304,34600411.070623,2.72041821471111,.6080918640829012,16.03075119872904,3851654402378.499,16460401035854.4,.3038114953797025,2014-15,.4086858540012846,.3677398120357504,.3778428420998115,.487783641624454,.3756835654954697,.4012898514672251,.4079596134165188,,,,,,,,,Low labour development
Sindh,.4095599769428676,6.591473488462614,17546.9159897141,37944.58425476927,10477.449472998,12297.01575731907,17926.16311335641,.4267531802501094,.4035344861922745,.2084156458594394,.2257851963745179,5756258.437743256,4806678.75893074,13645931.50536228,3.62154781586476,.6859814718609151,18.03151923318185,2021741927041.975,9127763975520,.2889871711224599,2014-15,.3584198385359679,.3453803486009953,.5687601304798221,.6062742888476034,.4506186978719793,.4537529207361524,.4545398767506035,,,,,,,,,Low labour development
Balochistan,.3738893083028835,5.748518036563773,22850.55666786193,35025.70471853654,19005.04067337116,22277.66944134706,22876.60015820193,.6581311749728814,.4585945566406083,.2015639985836022,.1925322381754803,990737.5126570778,1028292.121049679,2500625.215159374,1.842969205933491,.9738190678373098,21.67462328803546,497238498989.7173,1694959282500,.3722839720838513,2017-18,.3181594901838414,.4710165491460803,.1919426283757395,.5031226182775053,.5870645426230509,.3853385294772695,.3468419202154973,.374,.45,1.87,5.74,21.81,.405,.5882352941176471,.402851901745978,Low labour development
Khyber Pakhtunkhwa,.3288624512762213,6.470104633028019,21350.65627165274,34619.73653500087,16542.20297651838,22943.08055428658,21233.49530230931,.6199577860309476,.6294778641336098,.1529711161273643,.1744351516509615,3075368.684300337,2840518.893902122,7168238.101735187,2.092812945418667,1.080513604926427,22.14454135304793,1370144324598.876,4918321155000,.3555244463370483,2017-18,.2673391097925749,.4457382297693036,.2448756240293786,.5914224954757732,.604664470151608,.4015134014145573,.3624486146828056,.329,.48,2.15,6.3,20.3,.421,.6334841628959276,.4307558865041713,Low labour development
Pakistan,.4171988766393701,6.100449788835483,19034.66888082042,36203.48549093652,14110.64994797335,12106.7038954816,20227.57664817811,.4879614519762466,.5592552400768968,.178877635955418,.2142938682453055,26171867.77077193,22305060.18738693,61712579.14112807,2.565685182781837,.5985246827168514,18.71452317339827,10053940620434.45,39189810000000,.3301889841937677,2017-18,.367041621489131,.4075248630373571,.3450604200808978,.5461881777821199,.4761993697901974,.4222592157042692,.4097573163847028,.417,.42,2.61,5.97,18,.442,.5429864253393665,.4472044425107211,Low labour development
Pakistan - Female,.1847419199690905,4.129619816036323,12106.7038954816,24483.50074527047,6895.248074215454,12106.7038954816,,.2252094935417092,.8836040174026484,.0988140733771353,.5185524708529949,3860983.059405043,2656203.189702325,13539846.8481432,3.550778809079501,.5985246827168514,14.14682043503138,869640852586.2635,8598312253233.942,.1384842193705473,2017-18,.1046748532382511,.1183774047821226,.5537666968388774,.3050195565389529,.3051243608625985,.2296405167449557,.2138904645126188,.184,.18,3.62,4,13.4,.243,.1809954751131222,.249993257775866,Low labour development
Pakistan - Male,.6454819165093464,6.673752815894407,20227.57664817811,41117.83649974818,15389.84722312536,,20227.57664817811,.5332040091728145,.4006220002491818,.2013809967536725,.1287763008280545,22310884.71136667,19648856.9976847,48172732.29298228,2.671750791519424,.5985246827168514,18.62823408137771,9231049672363.691,30591497746764.41,.3817107467030063,2017-18,.6246974226967792,.4852349120708994,.3675319473558101,.6163427332225168,.4729675685909255,.5038648914880598,.511899590966151,.645,.48,2.72,6.54,18.6,.532,.6334841628959276,.5314603176875471,Low labour development
Punjab,.4503265632107153,5.884892530672673,17636.65968240971,33393.40819363917,13612.10532093804,10705.32027088353,19333.59435667463,.4561801915926781,.5836775704396812,.1651674715101045,.2363966557149338,15144440.91008631,13556780.90630544,37597895.19580275,2.453214062506091,.5537159864527563,17.94228564503803,5500492984780.257,20525662987500,.3433920919864239,2017-18,.4044317869195432,.4274390527698701,.3212317929038329,.5198106376251436,.4472766159190275,.418978629462183,.4121884245717453,.45,.42,2.49,5.7,17.11,.432,.5429864253393665,.4395161385414436,Low labour development
Sindh,.401878447782877,6.540275246043564,20498.43543086563,42107.21953672191,13373.51681022228,14444.40505696127,21085.0856316312,.474339514193961,.4707434410251292,.2234889705825732,.1803128402655746,6961320.663728379,4879468.266130404,14445820.62842764,3.148552481314154,.6850531844789959,19.47602932227566,2672560251494.069,12050866575000,.2893203258144434,2017-18,.3497499410641952,.3458828443656764,.4685492545157106,.6000092077880034,.5047201993361671,.443537255462796,.429437493711699,.402,.38,3.21,6.51,19.58,.478,.4826546003016591,.4741017849925522,Low labour development
Balochistan,.401100833174127,5.719768778277889,41747.66940781636,66787.49210855381,31238.72937741603,41421.51068484266,41767.63006224227,.4562869697698778,.3785820804747375,.1711328554303246,.1877164052191401,1624437.764711061,1414930.539492454,3831489.683245194,2.137970827867207,.9917132148296701,18.85233115781102,1380870392315.195,5462755161845.616,.3258160865756666,2024-25,.3488722722055609,.4009292406872799,.2544429720057643,.4996045984187336,.4813607175210118,.3859084992421187,.3651638421911536,,,,,,,,,Low labour development
Khyber Pakhtunkhwa,.3896193684106415,7.053369885003266,40274.26351684205,64375.88184252902,30658.23413227516,39729.91676155327,40331.49126469386,.4155197106075849,.4396535754002666,.1654423988378846,.1659711672757766,5095369.816171921,4225026.871638359,11811013.68154311,2.099790926143327,.9850842484550725,19.01081341515515,4096081718010.631,14112117501434.51,.3687736193978828,2024-25,.3359135083641552,.465721899544318,.2463540097761286,.6627961190655002,.4872963825900804,.4159272567839039,.3997821785765384,,,,,,,,,Low labour development
Pakistan,.4444097218346688,6.873159659587294,39258.28557014001,68435.24215374111,29108.35712609454,37481.24735235919,39530.69123595162,.4013148073044239,.4414005849528757,.1636601204302265,.1847284513931626,33576732.33325768,28916453.489717,79822453.46632403,2.351051344371184,.9481556274500826,18.62466945248581,26715999089654.02,113807399205117,.3046989671120875,2024-25,.3977536363822447,.3690783817678544,.2995871492311831,.6407439622598256,.4728340618908543,.4216283887967044,.4097180691367893,,,,,,,,,Low labour development
Pakistan - Female,.2207880268053888,5.183036903090926,37481.24735235919,52204.31332797222,22103.84308618691,37481.24735235919,,.385110108687921,.8142110815698996,.1005840498012753,.4578330187230856,4463729.560375417,4516922.544875083,19343129.12314388,2.361775421786072,.9481556274500826,17.45712603431208,3632952776486.366,27578596277080.06,.1781304248452776,2024-25,.1453589467329445,.1781756030848832,.3018591995309474,.433925220642551,.4291058439817257,.270778855716966,.2413388997489613,,,,,,,,,Low labour development
Pakistan - Male,.6573478730735481,7.43715870333787,39530.69123595162,78125.45214428757,29997.97703781528,,39530.69123595162,.403798857265607,.3294310455053692,.1838337680694217,.0973812965207314,29113002.77288163,24399530.94484144,60479324.34318288,2.604357355357765,.9481556274500826,18.37163341309808,23069776593986.96,86228802928040.83,.3428864614115786,2024-25,.6380901501958783,.426676412385488,.3532536769825773,.7097599979610708,.4633570566703401,.5012090837284259,.5111457114286473,,,,,,,,,Low labour development
Punjab,.4676592110641962,7.038593809155767,38407.11672384622,67491.85910971503,28857.03882524456,37075.35906066753,38678.07002289681,.382416175317315,.4258705198430707,.1475312862957739,.200905608464876,18346392.43609577,17070066.49361613,45979238.85309965,2.338835232486577,.9585627989896987,17.90537094370756,14749459977575.1,58952232788250.61,.3228060351074363,2024-25,.4239945948805826,.3963891932238858,.2969989899335969,.6609879844781898,.4458940428354892,.4300633828045907,.4261943281836045,,,,,,,,,Low labour development
Sindh,.4393118219957872,6.567573892216445,40009.64218691326,74236.77848521929,28367.15814386448,37225.46276939212,40291.71838239723,.4230556159437755,.495462037672974,.201675629051294,.1554043696801427,8510532.316275336,6206429.584969776,18200711.24843875,2.616997378049867,.9238986140053856,20.12180254704674,6469883692280.027,35280293753586.27,.2428892976884998,2024-25,.3919997990923106,.2758511277352938,.355931647891921,.6033497175986841,.5289064624362076,.4148155614005483,.390367885125719,,,,,,,,,Low labour development
