province_name,division_name,H,A,pop,MPI
Sindh,Mirpurkhas,78.41553411640578,55.60729781687614,3808534.724563599,.4360475959080388
Balochistan,Nasirabad,75.07626832311456,51.24354132257476,1342087.763222694,.3847173858160232
Balochistan,Zhob,69.76762413239845,51.6972495713118,1073455.081541061,.3606794276770079
Balochistan,Kalat,66.89812779689463,52.07935232732297,2098515.585162163,.3484011167572754
Balochistan,Sibi,65.82903079520754,48.64003044141263,892944.9729099274,.3201926061807585
Sindh,Sukkur,56.21426193794529,49.28675356812874,5204369.871353149,.2770618475149749
Sindh,Hyderabad,53.56760102199623,50.58829594030531,8941266.902500153,.2709893653312946
Sindh,Larkana,55.99704836175503,47.69811112134303,5188679.755111694,.2670953435226211
Sindh,Shaheed Benazirabad,53.02443790307845,48.85542461244608,4525294.250583649,.2590531428591177
Balochistan,Quetta,51.96109976396352,49.80462094914909,4151032.04012394,.2587902877845123
Khyber Pakhtunkhwa,Bannu,53.11828644615332,48.69262098547873,2617415.796516418,.2586468589320635
Khyber Pakhtunkhwa,D.I. Khan,51.4442448245623,48.69407884421065,2608932.181236267,.2505030113568112
Khyber Pakhtunkhwa,Malakand,48.66634307125545,49.94739475800174,7317669.898553848,.2430757048808339
Punjab,DG Khan,48.93022269275472,48.17921605738319,10534017.56408691,.2357419770850103
Khyber Pakhtunkhwa,Kohat,43.49727598653342,47.55167705325429,2890194.060110092,.206836842040791
Balochistan,Mekran,44.00483307833468,45.00546195424278,1077734.059253693,.1980457840909796
Khyber Pakhtunkhwa,Hazara,35.68038056018116,52.40495783542926,5207731.339154243,.1869828838808364
Punjab,Bahawalpur,36.53923685032303,46.80151552449035,11133096.61356354,.1710091660703423
Khyber Pakhtunkhwa,Peshawar,32.81849340099151,45.82372164862518,8469644.140537262,.1503865506534278
Punjab,Multan,28.14403704089369,44.26039348734049,10917987.74609375,.1245666153752241
Khyber Pakhtunkhwa,Mardan,25.00761651213885,43.9691204665568,3721123.770393372,.1099562903003688
Punjab,Sargodha,19.82698387333622,43.2396965653388,6985399.855579376,.0857312766488924
Punjab,Sahiwal,18.1049244129407,42.79710467529267,6274209.043693542,.0774838345238885
Punjab,Faisalabad,16.80676537642566,43.4876351250794,12780152.01296997,.0730886480322817
Sindh,Karachi,9.858727877529075,40.51526470483371,16238413.07943344,.0399428969611014
Punjab,Lahore,9.3957718206881,41.87819815153527,18025832.55851936,.0393477994093388
Punjab,Gujranwala,6.668505651095072,41.58365955140258,14157328.22320938,.0277300868711742
Punjab,Rawalpindi,4.833498051659727,42.0330728874244,8257645.084121704,.0203166775906637
Punjab,Islamabad Capital Territory,2.84752372487463,43.9241999623321,1605994.066551208,.0125075201488878
