province_name,district_name,MPI_14,MPI_19,d_MPI,H_14,H_19,d_H,A_14,A_19,pop_14,pop_19,district_2014_15
Balochistan,Khuzdar,.3435134235565001,.5713912426527058,.2278778190962057,64.50680998564836,94.80723278639655,30.30042280074819,53.25227268763187,60.26873961610786,559213.2959747314,484070.3245391846,453
Balochistan,Awaran,.3882624427757602,.512467568781764,.1242051260060038,73.29298090036841,90.09732488818395,16.80434398781554,52.97402807283127,56.87933236838788,304883.2186508179,98688.10758972168,454
Balochistan,Sheerani,.4228008897835447,.5327596772339954,.1099587874504507,86.56023480182262,97.04968029452604,10.48944549270342,48.84470227599731,54.89556231583433,64987.52005529404,136525.6578330994,426
Balochistan,Kalat,.2692493771556865,.3672046868003015,.097955309644615,56.30701015733999,81.56122740797449,25.2542172506345,47.81809163784699,45.02196674450718,248541.0577888489,299481.7507324219,451
Sindh,Shaheed Benazir Abad,.2088256418586968,.2840796181059392,.0752539762472425,45.72196955348426,58.31861701565334,12.59664746216908,45.67293226824327,48.71165206638718,1287937.996520996,1281719.011047363,325
Khyber Pakhtunkhwa,Hangu,.2001325391564573,.2690200512970733,.0688875121406161,43.72879758229978,57.54985063653339,13.8210530542336,45.76676017212635,46.74556898437821,285553.129535675,428464.9823970795,152
Sindh,Dadu,.1500235158016899,.2071444091790333,.0571208933773434,32.34082448297151,46.1140022782569,13.7731777952854,46.38827803560856,44.92006742964998,1690461.195732117,1495804.755310059,331
Balochistan,Quetta,.1442769275375763,.1980482062580501,.0537712787204738,31.69407841899946,41.54414446772758,9.850066048728117,45.5217298418393,47.67174984477015,1517618.793014526,2346138.238418579,411
Sindh,Badin,.350994411554986,.4033685786128172,.0523741670578312,67.48735131032163,74.49843003742582,7.011078727104191,52.00891792908522,54.14457437696024,1364758.655105591,1702234.608463287,337
Balochistan,Killa Saifullah,.4013710404380309,.4447536538877345,.0433826134497036,76.17860959939307,79.48956658271574,3.310956983322669,52.68815518539324,55.95119875574236,255189.2608394623,254972.4819908142,424
Sindh,Mirpur Khas,.3344868931621477,.3718789693760154,.0373920762138677,60.2897949223435,64.86847480175093,4.578679879407439,55.47985253441065,57.32815061746721,1275709.715713501,1152522.542160034,342
Sindh,Naushahro Feroze,.1473617530074129,.1842200265726964,.0368582735652835,31.78811221641568,40.11116996227938,8.323057745863697,46.35750371213108,45.92736306269234,1260696.860099792,1207254.500125885,324
Khyber Pakhtunkhwa,Lower Dir,.1736717396298025,.2080531629108895,.034381423281087,37.0665096823317,42.69175805403723,5.625248371705531,46.85408502667454,48.73380071337083,1094708.276596069,1240929.486724854,113
Sindh,Jamshoro,.2270773271633837,.2520896978133125,.0250123706499288,44.48790623788605,50.64203302346453,6.154126785578477,51.04248465844946,49.77874756657359,709167.9736289978,478652.5256996155,332
Sindh,Karachi,.0215319047963281,.0399428969611014,.0184109921647733,4.948855317460596,9.858727877529075,4.90987256006848,43.50885894836941,40.51526470483371,12959532.14727783,16238413.07943344,350
Punjab,Rajanpur,.3013902369649169,.3195340590167023,.0181438220517854,60.198843529752,62.29711472987031,2.098271200118312,50.06578520332558,51.29195154578993,1501935.129974365,1883278.004745483,282
Sindh,Tharparkar,.4869692800487006,.5039356085446541,.0169663284959535,86.28685593284882,89.98478131914526,3.697925386296433,56.43609038526976,56.00231518676105,1420784.455406189,1652744.069854736,344
Sindh,Khairpur,.280739874397873,.2952017826709859,.0144619082731129,53.99056598885907,59.25338016520673,5.262814176347653,51.99794987439167,49.82024347774286,2279620.063362122,2423893.893676758,323
Sindh,Sujawal,.4262376284686792,.4334465114010491,.0072088829323699,78.60298400487784,78.21294392224056,-.3900400826372845,54.22664722782385,55.41876953666165,532240.8524341583,703595.1758804321,339
Sindh,Shikarpur,.3313016774031181,.3351238977127094,.0038222203095913,59.75257293748144,65.24743194998875,5.494859012507312,55.44559189940757,51.36200578278348,1194674.059860229,1226370.626670837,313
Khyber Pakhtunkhwa,Chitral,.1377447028453015,.1383061816602462,.0005614788149447,32.30582651431065,31.23974252461854,-1.06608398969211,42.63772752704039,44.27251010511809,414671.7618408203,389826.2065887451,111
Balochistan,Bolan/ Kachhi,.3992686549342794,.3998088680220719,.0005402130877925,71.52402769696594,76.31965399870812,4.795626301742175,55.82301050297486,52.38609546485098,196817.409901619,208243.7931585312,441
Khyber Pakhtunkhwa,Kohat,.17906045302852,.1778093856011196,-.0012510674274004,38.62515769914886,38.5184298475242,-.1067278516246688,46.35850406701788,46.16215829798381,814849.5168952942,1141740.593017578,151
Punjab,Lahore,.0280601039229388,.0257254964256507,-.0023346074972881,7.039520134271653,6.292159008188988,-.7473611260826649,39.8608191861391,40.88500686675276,8914182.002929688,10969664.94239998,251
Khyber Pakhtunkhwa,Nowshera,.1109494595568866,.1082867955027494,-.0026626640541372,24.99234364989045,24.99457174353902,.0022280936485721,44.39337947298631,43.32412517959666,974211.8411407471,1307899.718460083,143
Punjab,Islamabad,.0163116141347112,.0125075201488878,-.0038040939858234,3.396100301398971,2.84752372487463,-.5485765765243409,48.03042515555828,43.92419996233212,1193144.98109436,1605994.066551208,611
Khyber Pakhtunkhwa,Swat,.1766974124891482,.1723682230127534,-.0043291894763947,40.31036038492532,35.8089750123545,-4.501385372570823,43.83424281049763,48.13548082660407,1821357.11315918,2120740.329133987,114
Sindh,Sanghar,.2924009371507645,.2876663697266789,-.0047345674240856,58.55513386250165,57.3478976832568,-1.207236179244852,49.93600353427187,50.16162428752214,1541806.247779846,2036320.7394104,341
Punjab,Sialkot,.0267861282483816,.0216194120688215,-.00516671617956,6.793332828852155,5.330201569473896,-1.463131259378259,39.4300248835409,40.56021481933456,3355015.793945313,3646969.444534302,245
Sindh,Sukkur,.2241940281987573,.2188728516233867,-.0053211765753706,42.98456811146674,44.69524066440864,1.710672552941894,52.15686420702929,48.97005774435348,1218130.997192383,1291326.214797974,321
Punjab,Jhelum,.0255531693447692,.0197626016956751,-.005790567649094,6.57749327236459,4.847293350593068,-1.730199921771522,38.84940400035238,40.77038517435133,978515.6367263794,980512.0504951477,213
Sindh,Larkana,.1855233586005134,.1787814753984355,-.0067418832020779,37.84968470473414,41.22235900796215,3.37267430322801,49.01582669651897,43.37002532142899,1461160.213226318,1089398.126304626,314
Sindh,Matiari,.2501881585052897,.2434098327434505,-.0067783257618392,51.33345670216992,50.66747570456243,-.665980997607484,48.73783582447,48.04064725125674,690760.6314888,603525.3534469604,336
Khyber Pakhtunkhwa,Bannu,.2524780958968318,.2453119542660666,-.0071661416307652,52.32435879133147,51.13393777850476,-1.190421012826711,48.25249687315033,47.97439135798157,931298.8699645996,1196650.927452087,161
Sindh,Tando Mohammad Khan,.3855513377858694,.3778083544444021,-.0077429833414673,72.19419512047149,73.25369236153641,1.059497241064918,53.40475603924862,51.57533255522002,643085.7540359497,586320.7251243591,335
Khyber Pakhtunkhwa,Swabi,.1255054935314979,.117661577123036,-.0078439164084619,27.29207027903722,26.11009005137973,-1.181980227657487,45.98606564042797,45.06364278771164,1114257.538513184,1523143.330566406,132
Punjab,Khanewal,.1309948877996104,.1226284946665114,-.008366393133099,29.31107520365612,26.97656741652772,-2.334507787128398,44.69125983589669,45.45741226935369,2424141.240524292,2798499.435073853,274
Sindh,Tando Allah Yar,.2977971573094892,.2880744804061141,-.0097226769033751,59.84031171181498,57.70087596455254,-2.139435747262446,49.76530850033851,49.92549516632769,716487.308052063,616718.4096298218,334
Punjab,Faisalabad,.0714860187687168,.061723649017833,-.0097623697508837,16.35404440126867,14.14683108247088,-2.207213318797788,43.71152298153919,43.63072454743158,5900454.281951904,7046553.060211182,231
Khyber Pakhtunkhwa,Peshawar,.1209670320571839,.1108720110139175,-.0100950210432664,26.72145680133062,25.25904266354993,-1.462414137780694,45.26962469020785,43.89398778517896,2765209.965789795,4392525.315006256,142
Punjab,Rawalpindi,.0307739254243482,.0205571748206912,-.010216750603657,7.210148060769196,4.876186885183041,-2.333961175586155,42.68140565904714,42.15829972218043,4369115.025619507,4757790.692768097,212
Punjab,Gujrat,.0282838612143532,.0170740462506589,-.0112098149636942,6.887875555603276,4.248638738735028,-2.639236816868248,41.06325816433239,40.18709826983899,2402433.95022583,2192883.302371979,243
Punjab,D. G. Khan,.3089987187506194,.2975424422576363,-.0114562764929831,59.63221883682571,58.10976791676141,-1.522450920064301,51.81741091944713,51.20351585018324,2566264.82964325,2683533.821777344,281
Punjab,Lodhran,.166150034183557,.1539495584958234,-.0122004756877336,37.08306133134859,35.36422156623227,-1.718839765116314,44.80483223835141,43.53257379283672,1446540.821495056,1376578.280319214,273
Punjab,Bahawalnagar,.171143465399266,.1581365538474604,-.0130069115518056,38.76426198753821,33.97939881341193,-4.784863174126286,44.14980619372673,46.53894988425832,2518799.053436279,2893468.995765686,292
Khyber Pakhtunkhwa,Haripur,.0683118943887591,.055177570810862,-.0131343235778971,15.62331599604337,12.04149148038257,-3.5818245156608,43.72432485271323,45.82287078038026,735902.7986373901,980567.8750953674,125
Khyber Pakhtunkhwa,Mardan,.1190323987247164,.1046167267531289,-.0144156719715874,27.46219555817559,24.24363099707536,-3.218564561100237,43.34409405561166,43.15225172572104,1922683.45161438,2197980.439826965,131
Sindh,Hyderabad,.1115534312497366,.095934731388152,-.0156186998615846,23.43165835021841,21.21423355414695,-2.217424796071455,47.60799666093493,45.22187009174257,2400748.112350464,2045795.408584595,333
Punjab,Kasur,.0938193467649188,.0779013383476545,-.0159180084172643,22.16384235985575,17.93493701659534,-4.228905343260415,42.32991069041756,43.43552379111884,2701740.774597168,2872141.290908813,252
Punjab,Bhakkar,.1502709339202701,.1339473059914527,-.0163236279288173,34.03292704806359,30.84609362093173,-3.186833427131862,44.15457233756219,43.42439844653715,1369980.465332031,1403357.416202545,222
Punjab,Layyah,.1028590182482101,.0858778233318124,-.0169811949163977,23.78068766259348,20.52943837045234,-3.251249292141136,43.25317236725881,41.83155027534256,1596797.487197876,1814217.751251221,283
Punjab,Sahiwal,.0968897940721838,.0798522340340226,-.0170375600381612,22.30131774643695,18.29570313889077,-4.005614607546185,43.44577086152845,43.64534854322294,1802312.105209351,2124709.991371155,262
Khyber Pakhtunkhwa,Mansehra,.1536161778582297,.1357288116260342,-.0178873662321955,32.71694708070815,29.20323813536262,-3.51370894534552,46.95309054334441,46.47731563085746,1056086.409118652,1386553.204452515,122
Punjab,Muzaffargarh,.2413610000005905,.2232783688296054,-.0180826311709851,52.09554759897914,49.34390393386992,-2.751643665109221,46.3304468663115,45.24943326917147,3887655.558753967,4152987.986312866,284
Punjab,Multan,.1278690959426985,.1089902751100054,-.0188788208326931,28.84159893946513,24.4702294237934,-4.371369515671727,44.33495390150856,44.53994820499301,3764942.086723328,3974474.860488892,272
Punjab,Attock,.0409270937212158,.0199410095969915,-.0209860841242244,9.360244610784411,4.860832524048524,-4.499412086735887,43.72438480300147,41.02385650675092,1263076.1795578,1356809.756221771,211
Punjab,Chakwal,.0413121927910985,.0202381874106661,-.0210740053804324,10.31521302291306,4.615251549292434,-5.69996147362063,40.04977182665276,43.85067031453314,966606.506149292,1162532.584636688,214
Punjab,Narowal,.0637265754000686,.0415797915297679,-.0221467838703006,15.39750601687815,10.17568570066031,-5.221820316217842,41.38759571206788,40.86190626649346,1569601.789031982,1632216.070220947,246
Punjab,Gujranwala,.0497452682251237,.027558147897144,-.0221871203279796,11.00906348688286,6.45529377962422,-4.553769707258644,45.18574017162715,42.69077262467869,3933311.492706299,4434922.754371643,241
Sindh,Thatta,.3876686912973003,.364841425713403,-.0228272655838973,72.55689941128045,72.51594266818131,-.0409567430991444,53.42961102842128,50.31189174259867,648226.2807693481,708619.9403610229,338
Punjab,Vehari,.1575390286163071,.1342774012692085,-.0232616273470986,34.31028131074255,31.00827962404479,-3.302001686697761,45.9159827893867,43.30372497192187,2571863.711151123,2768435.170211792,271
Khyber Pakhtunkhwa,Abbottabad,.07783773963462,.0530424055356356,-.0247953340989844,18.50147378647895,12.52915903828002,-5.972314748198935,42.07110229862042,42.33516820528533,998541.7495117188,1318431.271911621,124
Punjab,Sheikhupura,.0712892690083382,.0459318669666411,-.0253574020416971,16.89481066825164,11.04878002648634,-5.846030641765294,42.19595614782676,41.57189016030039,3213317.960998535,3084159.459434509,253
Punjab,Nankana Sahib,.0818369373704033,.0560721637060373,-.025764773664366,19.30305848346838,13.41604278088544,-5.887015702582946,42.39583972689637,41.79486054257841,1087967.850746155,1099866.865776062,254
Punjab,Rahim Yar Khan,.2269098606130733,.1984745461296504,-.0284353144834229,47.29034622261502,41.81445261949664,-5.475893603118379,47.9822794159543,47.46553731929246,5353008.788200378,4643150.507698059,293
Punjab,Sargodha,.0893763562476136,.0603754767999832,-.0290008794476304,20.64729763112636,14.27819023386872,-6.369107397257636,43.28719324163583,42.28510463235667,2668321.288787842,3257476.096069336,221
Khyber Pakhtunkhwa,Kohistan,.5690667874339762,.5358032241926188,-.0332635632413574,94.83092545377284,89.06131705597436,-5.769608397798478,60.00856626790792,60.16116108589217,575309.1793289185,899162.3782739639,121
Punjab,T.T. Singh,.0855623978729983,.0517829485996555,-.0337794492733428,19.95334615173951,12.20690734395104,-7.746438807788463,42.88122765090159,42.42102208248165,1624319.28377533,1887024.15058136,234
Punjab,Chiniot,.1508561468718215,.116304529953509,-.0345516169183125,33.43501893365263,26.95146977000732,-6.483549163645304,45.11920485858721,43.15331629258205,1059589.742149353,1291425.458011627,232
Punjab,Mandi Bahauddin,.0727211963873522,.0359563053210065,-.0367648910663458,16.40267710014556,8.578429609295736,-7.824247490849825,44.33495577786317,41.91478738957487,1213458.00289917,1370988.420761108,244
Khyber Pakhtunkhwa,Malakand,.1154250284562672,.078440731793103,-.0369842966631641,25.01757715895871,19.09668643778829,-5.920890721170416,46.13757268454506,41.07557195780597,525852.922744751,583938.7631225586,117
Punjab,Mianwali,.1438721552894986,.1068692894809567,-.0370028658085419,31.79490986516452,24.00124549440002,-7.793664370764493,45.25005917602219,44.5265598845241,1068581.359794617,1280092.559211731,224
Balochistan,Sibbi,.3167319646122795,.2774262548827893,-.0393057097294903,55.60090029660059,54.39280041617533,-1.208099880425259,56.9652582822736,51.00422349283716,124664.4184713364,315470.5400266647,431
Khyber Pakhtunkhwa,Charsadda,.1773378456630115,.137667543871146,-.0396703017918655,39.23860699625214,31.41619660682507,-7.822410389427063,45.19473529729275,43.82056351189187,1181192.309677124,1497283.724029541,141
Khyber Pakhtunkhwa,Buner,.301597658535495,.261382042887615,-.0402156156478801,60.53941654459168,54.56180174317681,-5.977614801414873,49.81839531164731,47.90568392846409,724948.7617683411,712187.0005493164,116
Khyber Pakhtunkhwa,Lakki Marwat,.279527787544757,.238893231281998,-.040634556262759,53.40961935439138,47.69558640576906,-5.714032948622318,52.3365998341971,50.08707288964214,617237.0925331116,892489.9106750488,162
Punjab,Pakpattan,.1493319616532508,.1060609386456523,-.0432710230075985,34.11432482380173,24.78725980631162,-9.327065017490106,43.77397542661057,42.78848871332112,1466191.883880615,1560556.555084229,263
Punjab,Khushab,.117687289234603,.0741206229583095,-.0435666662762935,25.88062199020745,17.2111901362602,-8.669431853947252,45.47313015859233,43.06536757278258,1028517.90612793,1044473.784095764,223
Sindh,Umer Kot,.4430638316278475,.3979264583542704,-.045137373273577,76.29777353824619,74.91924690960823,-1.378526628637957,58.07034872462569,53.11404942903093,864589.1978607178,1003268.112548828,343
Punjab,Hafizabad,.0924842301211545,.0419811795669637,-.0505030505541908,20.89345838327237,9.841149493495108,-11.05230888977726,44.26468247841574,42.65881703627485,918667.4390716553,879348.2309494019,242
Punjab,Bahawalpur,.1969597157328173,.1459069935161103,-.0510527222167071,41.48822886949149,31.78825185589965,-9.699977013591841,47.4736379690704,45.89965946461163,3327986.601074219,3596477.110099792,291
Punjab,Okara,.1148158582450027,.0583144828220928,-.0565013754229099,26.7506908350016,13.92039278347403,-12.83029805152757,42.92070771300357,41.89140617592514,2540204.239013672,2588942.497238159,261
Punjab,Jhang,.1649276514061217,.0983233169970057,-.0666043344091159,36.64559948822505,22.41202749168379,-14.23357199654126,45.00612725932241,43.87078189757245,2231870.376327515,2555149.344165802,233
Balochistan,Jaffarabad,.4438486313847317,.3746739238407419,-.0691747075439898,78.91725650298234,74.10352523018139,-4.81373127280095,56.24227843855144,50.56087718862558,593864.7446556091,678540.7719116211,442
Balochistan,Mastung,.2943466080374513,.2235916758187294,-.0707549322187219,53.25427987203629,50.79411853910008,-2.46016133293621,55.27191593703478,44.01920581545558,133199.6601734161,277714.4233398438,452
Balochistan,Nasirabad/ Tamboo,.4692555608183702,.3927827606196733,-.0764728001986969,79.36143199927771,75.95726037705482,-3.40417162222289,59.12891803951332,51.71102257636521,318533.0981054306,455303.1981525421,443
Sindh,Kashmore,.4095821216060577,.3299563237746447,-.079625797831413,73.87356292874514,67.5580994752825,-6.315463453462641,55.44366690437293,48.84037981195222,1052990.160236359,961524.37109375,312
Balochistan,Loralai,.3604634825915119,.2808007046361707,-.0796627779553412,72.8532321026197,58.24291554995747,-14.61031655266223,49.47803579719974,48.21199316427005,300844.8410816193,443954.3819828033,421
Khyber Pakhtunkhwa,Shangla,.4303438508127466,.3504720124163113,-.0798718383964354,78.26425901667554,69.91660284131559,-8.347656175359944,54.98599951237697,50.12715123069567,500575.7579879761,603062.3777313232,115
Sindh,Ghotki,.3816863570669994,.2979943947498361,-.0836919623171633,69.97039222618834,61.25627598735804,-8.714116238830293,54.54969522439562,48.64716144535715,1685820.411636353,1489149.762878418,322
Khyber Pakhtunkhwa,Karak,.2075830357084237,.1223555397913164,-.0852274959171073,41.00702836215569,27.77056623664003,-13.23646212551566,50.62133102529241,44.05943283572034,596761.0181350708,559200.6017608643,153
Balochistan,Ziarat,.5251510936945767,.4198189427269714,-.1053321509676053,84.25805469198822,83.80233166890085,-.4557230230873728,62.32651532417961,50.0963319714846,113180.7401161194,150844.1731519699,433
Khyber Pakhtunkhwa,D. I. Khan,.3253198255788528,.2149929221863309,-.1103269033925219,61.12844690870141,45.41480602039722,-15.71364088830418,53.21905627092656,47.33983055873249,1161191.834751129,1639769.813545227,171
Balochistan,Kharan,.3885371155118716,.2761999389087005,-.1123371766031711,69.31954725979381,58.12751511608523,-11.19203214370858,56.05015192262053,47.51621299432936,117866.8410892487,179648.8401260376,455
Khyber Pakhtunkhwa,Upper Dir,.3984982167803,.2859824486319794,-.1125157681483206,71.67995128958471,57.3580550488329,-14.3218962407518,55.59409703982359,49.85916073836581,861249.9984207153,743061.4750289917,112
Sindh,Jacobabad,.4023894314755344,.2808525083237177,-.1215369231518167,71.83191279988968,58.97777824703117,-12.85413455285851,56.01819801130959,47.62005566695882,1050980.129428864,635331.9001159668,311
Balochistan,Lasbela,.3470096184451746,.2252961511192901,-.1217134673258845,65.10892773519764,46.22273059384746,-18.88619714135018,53.29677979899867,48.74141969217163,327660.9843902588,605602.0474014282,457
Khyber Pakhtunkhwa,Batagram,.3958451158901583,.2719279532833215,-.1239171626068368,69.91804247645615,55.89667581771983,-14.02136665873632,56.61558903389682,48.64832287524288,448947.7096862793,474781.2191009521,123
Balochistan,Gwadar,.2727764463519711,.140794029395254,-.1319824169567172,53.58949950617165,30.54274938944622,-23.04675011672543,50.90109981724251,46.09736589198617,288713.9317054749,216119.0888710022,462
Balochistan,Killa Abdullah,.604310477563211,.4717808509813827,-.1325296265818283,96.29509172487147,88.31885728143783,-7.97623444343364,62.75610384066204,53.41790705896485,847855.5511932373,968449.545539856,413
Balochistan,Nushki,.3466351588208475,.2003221519762019,-.1463130068446456,71.76889309664713,46.43072625466838,-25.33816684197875,48.29880242879786,43.14430725839885,132619.0303401947,160678.3093042374,415
Khyber Pakhtunkhwa,Tank,.3867132771007529,.2302614231377078,-.1564518539630452,69.59777183442307,46.5847153887817,-23.01305644564137,55.56403127685827,49.42853492095352,358154.5405197144,369877.9941711426,172
Balochistan,Harnai,.5668559765565446,.3996389098485088,-.1672170667080358,90.38153931777325,76.80275982582697,-13.57877949194628,62.71811487559763,52.03444651661066,117251.090429306,90984.88548660278,432
Sindh,Shahdadkot,.390518518561343,.2228950541761688,-.1676234643851742,69.40237986297491,49.52486123529963,-19.87751862767528,56.26875034146754,45.006699386226,1288520.958625793,1276054.730926514,315
Balochistan,Washuk,.4937532914053572,.2989537693803313,-.1947995220250259,84.63479787844518,56.31972308041959,-28.31507479802559,58.33927696200081,53.08154107104748,178461.7598762512,153310.0914335251,456
Balochistan,Barkhan,.5251147415352921,.3209005518167845,-.2042141897185076,85.47948262058976,65.20009517024286,-20.2793874503469,61.4316705525784,49.21780420394887,88465.03021907806,238002.5597343445,422
Balochistan,Pishin,.3969894396245847,.1783382717801788,-.2186511678444058,71.82397972962812,37.33706376916874,-34.48691596045938,55.27254840500331,47.76440720746834,368321.5008926392,675765.9468612671,412
Khyber Pakhtunkhwa,Tor Ghar,.5632036878073993,.3416383860014064,-.2215653018059929,89.95083007874966,69.99934530769936,-19.9514847710503,62.61239471768396,48.80594018410468,295312.6511573792,148235.3903198242,126
Balochistan,Dera Bugti,.6110857282699769,.3475625190405049,-.263523209229472,89.8435350332778,77.08031202140752,-12.76322301187028,68.01666119255351,45.09095901739166,212288.7304143906,264713.9679336548,435
Balochistan,Kohlu,.4597211525843373,.0944796204833567,-.3652415321009806,83.92817481449293,22.40413803344156,-61.52403678105137,54.77554511348095,42.17061167108129,96315.00967741013,70931.40631103516,434
