province_name,division_name,district_name,MPI,mpi,H,h,h_lo,h_hi,h_in_ci,A,a,hdi,rank,area,mpi_lo,mpi_hi,district,pop,d_mpi
Balochistan,Kalat,Awaran,.5124675687817637,.51104,90.09732488818395,90.0973,80.9502,99.2445,1,56.87933236838785,56.7204,.5044872327930127,93,Awaran,.44481,.57726,awaran,98688.10758972168,.0014275687817636
Balochistan,Zhob,Barkhan,.3209005518167847,.32051,65.20009517024286,65.1634,54.8969,75.43000000000001,1,49.21780420394889,49.1856,.4508205956087981,117,Barkhan,.26513,.37589,barkhan,238002.5597343445,.0003905518167847
Balochistan,Sibi,Dera Bugti,.3475625190405048,.35772,77.08031202140752,78.65219999999999,57.0021,100.302,1,45.09095901739165,45.4816,.3579369822510191,126,Dera Bugti,.25994,.45551,dera bugti,264713.9679336548,-.0101574809594952
Balochistan,Zhob,Duki,.3407149713999741,.30621,71.12538061767148,63.6456,50.3776,76.9135,1,47.9034303143429,48.1118,.4882512046059981,101,Duki,.20954,.40288,duki,157017.7190475464,.0345049713999741
Balochistan,Mekran,Gwadar,.140794029395254,.14776,30.54274938944622,31.7852,7.14956,56.4208,1,46.09736589198618,46.4861,.6135254867337062,21,Gwadar,.03167,.26384,gwadar,216119.0888710022,-.006965970604746
Balochistan,Sibi,Harnai,.3996389098485085,.38743,76.80275982582697,77.0395,58.9521,95.12690000000001,1,52.03444651661062,50.2904,.4538711498721737,115,Harnai,.28222,.49265,harnai,90984.88548660278,.0122089098485085
Balochistan,Nasirabad,Jaffarabad,.3565061524343465,.35494,70.9309217433153,71.1797,52.9445,89.41500000000001,1,50.26103477471649,49.8656,.4738708693472941,111,Jaffarabad,.2534,.45649,jaffarabad,495122.5861053467,.0015661524343465
Balochistan,Nasirabad,Kachhi/ Bolan,.3998088680220719,.41225,76.31965399870812,77.0132,60.2437,93.7826,1,52.38609546485098,53.5304,.4870161576464161,104,Kachhi/ Bolan,.31036,.51415,kachhi/ bolan,208243.7931585312,-.0124411319779281
Balochistan,Kalat,Kalat,.3054763821239828,.30603,69.32978757632789,68.24169999999999,56.8532,79.6302,1,44.06134690484546,44.8453,.4677892077611367,112,Kalat,.24249,.36957,kalat,144127.4696273804,-.0005536178760172
Balochistan,Mekran,Kech/Turbat,.2124062553994231,.21756,47.3815307462681,47.8098,31.5389,64.0806,1,44.8289137252394,45.505,.5591087176378454,56,Kech/Turbat,.13682,.29829,kech/turbat,861614.9703826904,-.0051537446005769
Balochistan,Kalat,Kharan,.2761999389087005,.30895,58.12751511608523,62.8125,53.5995,72.0254,1,47.51621299432936,49.1854,.5153708823285273,82,Kharan,.25292,.36497,kharan,179648.8401260376,-.0327500610912995
Balochistan,Kalat,Khuzdar,.5713912426527058,.57196,94.80723278639655,94.9734,93.0556,96.8912,1,60.26873961610786,60.2235,.4153857950619546,123,Khuzdar,.54469,.59924,khuzdar,484070.3245391846,-.0005687573472942
Balochistan,Sibi,Kohlu,.0944796204833567,.09259,22.40413803344156,21.9025,1.32329,42.4817,1,42.17061167108128,42.2733,.511189208834736,84,Kohlu,.00757,.17761,kohlu,70931.40631103516,.0018896204833567
Balochistan,Kalat,Lasbela,.22529615111929,.22687,46.22273059384746,46.6246,27.1107,66.13849999999999,1,48.74141969217161,48.6581,.5170573685736399,81,Lasbela,.11409,.33964,lasbela,605602.0474014282,-.00157384888071
Balochistan,Zhob,Loralai,.2480143698073538,.23513,51.19336231423672,48.9455,34.9327,62.9582,1,48.4465873300105,48.0396,.561758958943856,52,Loralai,.16341,.30686,loralai,286936.662935257,.0128843698073538
Balochistan,Kalat,Mastung,.2235916758187294,.22405,50.79411853910008,50.7215,33.2917,68.1514,1,44.01920581545557,44.1718,.5847371661345183,34,Mastung,.14501,.30308,mastung,277714.4233398438,-.0004583241812706
Balochistan,Nasirabad,Nasirabad/ Tamboo,.3927827606196732,.38049,75.95726037705482,74.7663,56.9897,92.5429,1,51.7110225763652,50.89,.4394006679835044,118,Nasirabad/ Tamboo,.26912,.49185,nasirabad/ tamboo,455303.1981525421,.0122927606196732
Balochistan,Quetta,Nushki,.200322151976202,.22705,46.43072625466838,48.6959,33.6389,63.7529,1,43.14430725839888,46.6256,.5647731372972694,50,Nushki,.14958,.30452,nushki,160678.3093042374,-.026727848023798
Balochistan,Quetta,Pishin,.1783382717801789,.17653,37.33706376916874,36.8686,28.8648,44.8724,1,47.76440720746837,47.8801,.5745570707203259,41,Pishin,.13338,.21967,pishin,675765.9468612671,.0018082717801789
Balochistan,Quetta,Qilla Abdullah,.4717808509813829,.47263,88.31885728143783,88.40900000000001,83.4196,93.3984,1,53.41790705896487,53.4598,.4955527873902338,99,Qilla Abdullah,.42495,.52032,qilla abdullah,968449.545539856,-.0008491490186171
Balochistan,Zhob,Qilla Saifullah,.4447536538877345,.44775,79.48956658271574,80.7612,71.7266,89.7958,1,55.95119875574237,55.4418,.5088123126573918,88,Qilla Saifullah,.38362,.51189,qilla saifullah,254972.4819908142,-.0029963461122655
Balochistan,Quetta,Quetta,.19804820625805,.20132,41.54414446772758,42.1061,31.1415,53.0706,1,47.67174984477014,47.8123,.6116008748572301,24,Quetta,.14672,.25592,quetta,2346138.238418579,-.00327179374195
Balochistan,Kalat,Shaheed Sikandar Abad,.4244721421552675,.43671,92.90875166218422,92.21680000000001,87.5043,96.9293,1,45.68699229741523,47.3568,.365716199654484,125,Shaheed Sikandar Abad,.39533,.47809,shaheed sikandar abad,155354.2811050415,-.0122378578447325
Balochistan,Zhob,Sherani,.5327596772339956,.52224,97.04968029452604,95.0693,84.81659999999999,105.322,1,54.89556231583437,54.9324,.3685765601928807,124,Sherani,.43752,.6069600000000001,sherani,136525.6578330994,.0105196772339956
Balochistan,Sibi,Sibbi,.2774262548827892,.27335,54.39280041617533,53.347,25.3963,81.29770000000001,1,51.00422349283714,51.2406,.4775637051538573,109,Sibbi,.12442,.42228,sibbi,315470.5400266647,.0040762548827892
Balochistan,Nasirabad,Sohbatpur,.4237163561544376,.42167,82.66771223377049,82.42310000000001,67.22150000000001,97.6246,1,51.25536254786374,51.1587,.491320560026353,100,Sohbatpur,.32794,.5154,sohbatpur,183418.1858062744,.0020463561544377
Balochistan,Kalat,Washuk,.2989537693803312,.30706,56.31972308041959,57.1265,37.1012,77.15170000000001,1,53.08154107104745,53.7505,.5448797373335083,63,Washuk,.19096,.42316,washuk,153310.0914335251,-.0081062306196688
Balochistan,Sibi,Ziarat,.4198189427269715,.4132,83.80233166890085,83.5254,74.38809999999999,92.6626,1,50.09633197148461,49.4694,.5099034602756793,86,Ziarat,.34765,.47874,ziarat,150844.1731519699,.0066189427269715
Khyber Pakhtunkhwa,Hazara,Abbottabad,.0530424055356356,.05054,12.52915903828002,11.7992,6.20445,17.394,1,42.33516820528533,42.8305,.6524510850325733,10,Abbottabad,.02612,.07496,abbottabad,1318431.271911621,.0025024055356356
Khyber Pakhtunkhwa,Malakand,Bajur,.4819532996675658,.48292,86.83940118564712,87.38760000000001,81.4156,93.3597,1,55.49938082106713,55.262,.4269410582133352,120,Bajaur,.42556,.54029,bajur,923924.2596740723,-.0009667003324342
Khyber Pakhtunkhwa,Bannu,Bannu,.2453119542660666,.24144,51.13393777850476,50.3359,40.312,60.3597,1,47.97439135798156,47.9653,.5349092718426829,68,Bannu,.1884,.29447,bannu,1196650.927452087,.0038719542660666
Khyber Pakhtunkhwa,Hazara,Batagram,.2719279532833215,.2722,55.89667581771983,55.6899,44.2254,67.1544,1,48.64832287524288,48.878,.5036569847006351,95,Batagram,.21083,.33358,batagram,474781.2191009521,-.0002720467166785
Khyber Pakhtunkhwa,Malakand,Bunair,.2613820428876147,.26225,54.56180174317681,54.4137,44.5032,64.3242,1,47.90568392846406,48.1963,.5111570692448381,85,Bunair,.21102,.31349,bunair,712187.0005493164,-.0008679571123852
Khyber Pakhtunkhwa,Peshawar,Charsada,.137667543871146,.13836,31.41619660682507,31.3236,24.4321,38.2151,1,43.82056351189188,44.1714,.5388916151173647,66,Charsada,.10632,.1704,charsada,1497283.724029541,-.000692456128854
Khyber Pakhtunkhwa,Malakand,Chitral,.1383061816602461,.13493,31.23974252461854,30.3879,22.7977,37.9781,1,44.27251010511807,44.4018,.5866667058215957,33,Chitral,.09606,.17379,chitral,389826.2065887451,.0033761816602461
Khyber Pakhtunkhwa,D.I. Khan,D. I. Khan,.2149929221863309,.21405,45.41480602039722,45.2602,34.9547,55.5656,1,47.3398305587325,47.2937,.5428075438189325,64,D. I. Khan,.15931,.26879,d. i. khan,1639769.813545227,.0009429221863309
Khyber Pakhtunkhwa,Kohat,Hangu,.2690200512970734,.27308,57.54985063653339,58.9668,40.4277,77.506,1,46.74556898437822,46.3106,.4980400890366531,98,Hangu,.17938,.36678,hangu,428464.9823970795,-.0040599487029266
Khyber Pakhtunkhwa,Hazara,Haripur,.055177570810862,.05522,12.04149148038257,12.0078,5.89324,18.1223,1,45.82287078038026,45.9849,.6236289162244006,19,Haripur,.02476,.08568,haripur,980567.8750953674,-.000042429189138
Khyber Pakhtunkhwa,Kohat,Karak,.1223555397913164,.11815,27.77056623664003,26.9227,18.9342,34.9111,1,44.05943283572034,43.8838,.6168714831780351,20,Karak,.08142,.15487,karak,559200.6017608643,.0042055397913164
Khyber Pakhtunkhwa,Peshawar,Khyber,.2850636151472082,.28446,61.01319430594544,60.8192,51.0606,70.5778,1,46.72163429401535,46.7715,.5185442376186494,80,Khyber,.21991,.34901,khyber,829341.4973449707,.0006036151472082
Khyber Pakhtunkhwa,Kohat,Kohat,.1778093856011197,.17763,38.5184298475242,38.3885,27.9933,48.7836,1,46.16215829798384,46.2712,.5662121818028309,49,Kohat,.12694,.22831,kohat,1141740.593017578,.0001793856011197
Khyber Pakhtunkhwa,Hazara,Kohistan,.5358032241926189,.53187,89.06131705597436,87.8897,80.2876,95.49169999999999,1,60.16116108589218,60.5161,.43837103163776,119,Kohistan,.43962,.62413,kohistan,899162.3782739639,.003933224192619
Khyber Pakhtunkhwa,Kohat,Kurram,.2844924812321611,.29753,53.21274338392893,55.3548,38.0333,72.6763,1,53.46322387093507,53.7488,.5049678414610811,91,Kurram,.18509,.40996,kurram,497568.0536575317,-.0130375187678389
Khyber Pakhtunkhwa,Bannu,Lakki Marwat,.238893231281998,.2358,47.69558640576906,47.0087,31.9095,62.108,1,50.08707288964214,50.1607,.562651190489598,51,Lakki Marwat,.15574,.31585,lakki marwat,892489.9106750488,.003093231281998
Khyber Pakhtunkhwa,Malakand,Lower Dir,.2080531629108895,.20172,42.69175805403723,41.8006,32.9423,50.6588,1,48.73380071337085,48.2577,.5683300451940255,46,Lower Dir,.15384,.2496,lower dir,1240929.486724854,.0063331629108895
Khyber Pakhtunkhwa,Malakand,Malakand,.078440731793103,.0832,19.09668643778829,20.0628,12.6954,27.4302,1,41.07557195780596,41.469,.6003749202715497,27,Malakand,.05421,.11219,malakand,583938.7631225586,-.004759268206897
Khyber Pakhtunkhwa,Hazara,Mansehra,.1357288116260341,.13553,29.20323813536262,28.9862,22.2355,35.7369,1,46.47731563085744,46.7584,.5872796241255939,32,Mansehra,.10101,.17006,mansehra,1386553.204452515,.0001988116260341
Khyber Pakhtunkhwa,Mardan,Mardan,.1046167267531289,.1041,24.24363099707536,24.1411,19.5378,28.7444,1,43.15225172572102,43.1226,.5741666485157977,42,Mardan,.08235,.12585,mardan,2197980.439826965,.0005167267531289
Khyber Pakhtunkhwa,Peshawar,Mohmand,.4576243175915047,.46241,82.87473023848673,83.3151,73.1721,93.458,1,55.21880026331423,55.5019,.4196071406247404,122,Mohmand,.37522,.54961,mohmand,442593.8856964111,-.0047856824084953
Khyber Pakhtunkhwa,Bannu,North Waziristan,.3222257563974502,.32343,66.7745796957643,66.5025,59.6413,73.3638,1,48.25575209391994,48.6346,.5014757167111066,96,North Waziristan,.28706,.35981,north waziristan,528274.9583892822,-.0012042436025498
Khyber Pakhtunkhwa,Peshawar,Nowshera,.1082867955027493,.10727,24.99457174353902,24.752,19.3603,30.1438,1,43.32412517959662,43.3371,.5610113546140117,53,Nowshera,.08239,.13215,nowshera,1307899.718460083,.0010167955027493
Khyber Pakhtunkhwa,Kohat,Orakzai,.2642091438114398,.26215,57.26445285830051,56.9454,45.6941,68.19670000000001,1,46.1384210664195,46.0356,.5229349086068734,75,Orakzai,.20576,.31855,orakzai,263219.8292770386,.0020591438114398
Khyber Pakhtunkhwa,Peshawar,Peshawar,.1108720110139175,.11054,25.25904266354993,25.3255,20.3889,30.2621,1,43.89398778517898,43.6494,.6031807072091938,25,Peshawar,.08802,.13307,peshawar,4392525.315006256,.0003320110139175
Khyber Pakhtunkhwa,Malakand,Shangla,.350472012416311,.34317,69.91660284131559,68.629,57.9189,79.339,1,50.12715123069563,50.0033,.4851352611352883,106,Shangla,.28242,.40391,shangla,603062.3777313232,.0073020124163111
Khyber Pakhtunkhwa,D.I. Khan,South Waziristan,.3601592834891791,.36127,70.94137383425499,70.8477,57.5669,84.12860000000001,1,50.76858031120782,50.9928,.4825351055404069,108,South Waziristan,.27522,.44732,south waziristan,599284.3735198975,-.0011107165108208
Khyber Pakhtunkhwa,Mardan,Swabi,.117661577123036,.11727,26.11009005137973,25.9464,20.3418,31.5509,1,45.06364278771164,45.1974,.5672246643866002,48,Swabi,.08956,.14498,swabi,1523143.330566406,.000391577123036
Khyber Pakhtunkhwa,Malakand,Swat,.1723682230127534,.17221,35.8089750123545,35.937,25.9392,45.9348,1,48.13548082660407,47.9195,.5604137703869526,54,Swat,.11829,.22613,swat,2120740.329133987,.0001582230127534
Khyber Pakhtunkhwa,D.I. Khan,Tank,.2302614231377076,.22737,46.5847153887817,46.0314,26.0708,65.9919,1,49.42853492095348,49.3944,.5542436949072425,59,Tank,.11331,.34143,tank,369877.9941711426,.0028914231377076
Khyber Pakhtunkhwa,Hazara,Tor Garh,.3416383860014066,.34094,69.99934530769936,69.447,56.9761,81.9178,1,48.80594018410472,49.0936,.4565834480875609,114,Tor Garh,.26747,.41441,tor garh,148235.3903198242,.0006983860014066
Khyber Pakhtunkhwa,Malakand,Upper Dir,.2859824486319792,.28577,57.3580550488329,56.9242,47.3421,66.5063,1,49.85916073836578,50.2027,.5240779336610928,73,Upper Dir,.22944,.3421,upper dir,743061.4750289917,.0002124486319792
Punjab,Rawalpindi,Attock,.0199410095969915,.01874,4.860832524048524,4.53535,2.61589,6.45482,1,41.02385650675092,41.315,.6360547010666107,16,Attock,.01046,.02701,attock,1356809.756221771,.0012010095969915
Punjab,Bahawalpur,Bahawalnagar,.1581365538474604,.1589,33.97939881341193,34.3017,29.2595,39.3438,1,46.53894988425832,46.3229,.5395838078255881,65,Bahawalnagar,.13415,.18364,bahawalnagar,2893468.995765686,-.0007634461525396
Punjab,Bahawalpur,Bahawalpur,.1459069935161102,.14343,31.78825185589965,31.4351,26.2893,36.5809,1,45.89965946461162,45.6275,.5203631771695099,78,Bahawalpur,.11823,.16863,bahawalpur,3596477.110099792,.0024769935161102
Punjab,Sargodha,Bhakhar,.133947305991453,.13492,30.84609362093173,31.2297,25.7707,36.6887,1,43.42439844653723,43.2014,.5247318581427283,72,Bhakhar,.11045,.15938,bhakhar,1403357.416202545,-.000972694008547
Punjab,Rawalpindi,Chakwal,.0202381874106661,.01542,4.615251549292434,3.61052,2.25806,4.96299,1,43.85067031453313,42.7127,.6572374110960841,8,Chakwal,.00921,.02164,chakwal,1162532.584636688,.0048181874106661
Punjab,Faisalabad,Chiniot,.116304529953509,.11866,26.95146977000732,27.2099,21.6146,32.8052,1,43.15331629258207,43.6089,.5240146410536155,74,Chiniot,.09356,.14376,chiniot,1291425.458011627,-.002355470046491
Punjab,DG Khan,D. G. Khan,.2975424422576367,.29735,58.10976791676141,57.9691,49.4609,66.4773,1,51.20351585018332,51.295,.5251515846348469,71,D. G. Khan,.24514,.34956,d. g. khan,2683533.821777344,.0001924422576367
Punjab,Faisalabad,Faisalabad,.061723649017833,.05948,14.14683108247088,13.4914,11.0406,15.9423,1,43.63072454743159,44.0892,.5973860370780464,28,Faisalabad,.04809,.07088,faisalabad,7046553.060211182,.002243649017833
Punjab,Gujranwala,Gujranwala,.0275581478971441,.02836,6.45529377962422,6.63151,5.1654,8.09761,1,42.69077262467872,42.7705,.6373579047007449,15,Gujranwala,.02172,.03501,gujranwala,4434922.754371643,-.0008018521028559
Punjab,Gujranwala,Gujrat,.0170740462506589,.01664,4.248638738735028,4.13023,2.44421,5.81625,1,40.18709826983898,40.2765,.6436849005755318,13,Gujrat,.00963,.02364,gujrat,2192883.302371979,.0004340462506589
Punjab,Gujranwala,Hafizabad,.0419811795669637,.04361,9.841149493495108,10.1829,7.027,13.3387,1,42.65881703627485,42.8275,.5517049260544294,60,Hafizabad,.02979,.05743,hafizabad,879348.2309494019,-.0016288204330363
Punjab,Islamabad Capital Territory,Islamabad,.0125075201488878,.01098,2.84752372487463,2.55241,.96113,4.14369,1,43.9241999623321,43.0282,.6943947437511773,4,Islamabad,.00393,.01804,islamabad,1605994.066551208,.0015275201488878
Punjab,Rawalpindi,Jehlum,.0197626016956751,.02041,4.847293350593068,5.01688,3.04,6.99376,1,40.77038517435134,40.6793,.6326817930555978,17,Jehlum,.01203,.02879,jehlum,980512.0504951477,-.0006473983043249
Punjab,Faisalabad,Jhang,.0983233169970057,.10031,22.41202749168379,22.7194,18.6204,26.8184,1,43.87078189757241,44.1535,.5596831040435917,55,Jhang,.08139,.11924,jhang,2555149.344165802,-.0019866830029943
Punjab,Lahore,Kasur,.0779013383476545,.08202,17.93493701659534,18.5524,15.5133,21.5916,1,43.43552379111888,44.2085,.5551009032512267,58,Kasur,.06774,.0963,kasur,2872141.290908813,-.0041186616523455
Punjab,Multan,Khanewal,.1226284946665114,.11893,26.97656741652772,26.1079,21.193,31.0229,1,45.45741226935369,45.5548,.530644577129731,69,Khanewal,.09394,.14393,khanewal,2798499.435073853,.0036984946665114
Punjab,Sargodha,Khushab,.0741206229583096,.07249,17.2111901362602,16.8554,12.7171,20.9936,1,43.0653675727826,43.0081,.5474122665004849,62,Khushab,.05416,.09082,khushab,1044473.784095764,.0016306229583096
Punjab,Lahore,Lahore,.0257254964256507,.02527,6.292159008188988,6.08273,4.75412,7.41133,1,40.88500686675275,41.5419,.6656075578468381,7,Lahore,.01927,.03127,lahore,10969664.94239998,.0004554964256507
Punjab,DG Khan,Layyah,.0858778233318123,.08513,20.52943837045234,20.2406,12.4381,28.0432,1,41.83155027534254,42.0591,.5798898558632071,39,Layyah,.0506,.11966,layyah,1814217.751251221,.0007478233318124
Punjab,Multan,Lodhran,.1539495584958235,.15053,35.36422156623227,34.655,27.8481,41.4618,1,43.53257379283675,43.4376,.5097699034638635,87,Lodhran,.11884,.18223,lodhran,1376578.280319214,.0034195584958235
Punjab,Gujranwala,Mandi Bahauddin,.0359563053210065,.03766,8.578429609295736,8.813090000000001,5.74281,11.8834,1,41.91478738957486,42.7362,.603171233767296,26,Mandi Bahauddin,.02418,.05115,mandi bahauddin,1370988.420761108,-.0017036946789935
Punjab,Sargodha,Mianwali,.1068692894809567,.10664,24.00124549440002,23.7493,13.0346,34.464,1,44.52655988452408,44.9034,.5681617275296303,47,Mianwali,.05038,.1629,mianwali,1280092.559211731,.0002292894809567
Punjab,Multan,Multan,.1089902751100056,.10472,24.4702294237934,23.6424,19.2565,28.0283,1,44.53994820499308,44.294,.5713990840487694,45,Multan,.08419,.12525,multan,3974474.860488892,.0042702751100056
Punjab,DG Khan,Muzaffar Garh,.2232783688296055,.21578,49.34390393386992,47.8831,42.7754,52.9908,1,45.24943326917149,45.0637,.4863430344029344,105,Muzaffar Garh,.19108,.24048,muzaffar garh,4152987.986312866,.0074983688296055
Punjab,Lahore,Nankana Sahib,.0560721637060373,.05415,13.41604278088544,12.7818,8.96044,16.6032,1,41.7948605425784,42.3654,.5782329639000273,40,Nankana Sahib,.03633,.07197,nankana sahib,1099866.865776062,.0019221637060373
Punjab,Gujranwala,Narowal,.0415797915297679,.03217,10.17568570066031,7.77421,5.70603,9.8424,0,40.86190626649345,41.3827,.6266093489263027,18,Narowal,.02324,.0411,narowal,1632216.070220947,.0094097915297679
Punjab,Sahiwal,Okara,.0583144828220928,.05891,13.92039278347403,13.8943,9.866860000000001,17.9217,1,41.89140617592516,42.3959,.5733955167453404,44,Okara,.04144,.07637,okara,2588942.497238159,-.0005955171779072
Punjab,Sahiwal,Pakpattan,.1060609386456523,.10581,24.78725980631162,24.5475,20.3565,28.7385,1,42.78848871332113,43.104,.5554619861049862,57,Pakpattan,.08749,.12413,pakpattan,1560556.555084229,.0002509386456523
Punjab,Bahawalpur,Rahim Yar Khan,.1984745461296504,.20041,41.81445261949664,42.2488,36.7491,47.7485,1,47.46553731929246,47.4357,.5139096871183437,83,Rahim Yar Khan,.17194,.22888,rahim yar khan,4643150.507698059,-.0019354538703496
Punjab,DG Khan,Rajanpur,.3195340590167025,.3212,62.29711472987031,62.683,52.8737,72.4923,1,51.29195154578994,51.2417,.4769975109485585,110,Rajanpur,.26072,.38167,rajanpur,1883278.004745483,-.0016659409832975
Punjab,Rawalpindi,Rawalpindi,.0205571748206912,.01798,4.876186885183041,4.22301,3.05481,5.39122,1,42.1582997221804,42.5671,.6738546060514755,6,Rawalpindi,.01271,.02324,rawalpindi,4757790.692768097,.0025771748206912
Punjab,Sahiwal,Sahiwal,.0798522340340226,.08236,18.29570313889077,18.6653,14.0296,23.301,1,43.64534854322296,44.1235,.5847062804189084,35,Sahiwal,.06091,.10381,sahiwal,2124709.991371155,-.0025077659659774
Punjab,Sargodha,Sargodha,.0603754767999832,.05872,14.27819023386872,13.8299,10.8394,16.8204,1,42.28510463235665,42.4557,.5828023776266956,38,Sargodha,.04553,.0719,sargodha,3257476.096069336,.0016554767999832
Punjab,Lahore,Sheikhupura,.0459318669666411,.05361,11.04878002648634,12.6104,10.0345,15.1864,1,41.57189016030042,42.5155,.5902667042531341,31,Sheikhupura,.04151,.06572,sheikhupura,3084159.459434509,-.0076781330333589
Punjab,Gujranwala,Sialkot,.0216194120688216,.019,5.330201569473896,4.76541,3.46996,6.06086,1,40.56021481933458,39.8789,.6473177263772477,12,Sialkot,.0138,.02421,sialkot,3646969.444534302,.0026194120688216
Punjab,Faisalabad,T.T. Singh,.0517829485996555,.05438,12.20690734395104,12.7817,9.358309999999999,16.2052,1,42.42102208248167,42.5446,.5836161638617197,36,T.T. Singh,.03885,.06991,t.t. singh,1887024.15058136,-.0025970514003445
Punjab,Multan,Vehari,.1342774012692085,.13382,31.00827962404479,30.7387,23.0329,38.4444,1,43.30372497192189,43.5357,.5297705959072579,70,Vehari,.0985,.16915,vehari,2768435.170211792,.0004574012692085
Sindh,Hyderabad,Badin,.4033685786128176,.40083,74.49843003742582,74.29470000000001,61.8612,86.7282,1,54.1445743769603,53.9517,.4881047209152388,102,Badin,.32582,.47584,badin,1702234.608463287,.0025385786128175
Sindh,Hyderabad,Dadu,.2071444091790331,.20664,46.1140022782569,45.9628,34.5544,57.3713,1,44.92006742964994,44.9585,.6117042628365467,23,Dadu,.14919,.26409,dadu,1495804.755310059,.0005044091790331
Sindh,Sukkur,Ghotki,.2979943947498356,.30728,61.25627598735804,62.4949,54.3279,70.6618,1,48.64716144535707,49.1683,.5081245048383082,89,Ghotki,.26356,.351,ghotki,1489149.762878418,-.0092856052501644
Sindh,Hyderabad,Hyderabad,.095934731388152,.09246,21.21423355414695,20.4835,13.4417,27.5254,1,45.22187009174258,45.1406,.649518407769504,11,Hyderabad,.05849,.12644,hyderabad,2045795.408584595,.003474731388152
Sindh,Larkana,Jacobabad,.2808525083237173,.27364,58.97777824703117,57.9338,47.2217,68.6459,1,47.62005566695876,47.2329,.5210678659524999,77,Jacobabad,.21897,.32831,jacobabad,635331.9001159668,.0072125083237173
Sindh,Hyderabad,Jamshoro,.2520896978133124,.24762,50.64203302346453,49.5473,30.104,68.9907,1,49.77874756657359,49.976,.5937564577274391,30,Jamshoro,.1423,.35294,jamshoro,478652.5256996155,.0044696978133124
Sindh,Karachi,Karachi Central,.0228425794734901,.02192,5.829010531234522,5.61985,3.82523,7.41446,1,39.18774781944379,39.0102,.713152069629275,2,Karachi Central,.01465,.02919,karachi central,3121936.335456848,.0009225794734901
Sindh,Karachi,Karachi East,.0323968896651311,.03267,8.20604216719194,8.325850000000001,5.02409,11.6276,1,39.47931171333131,39.2422,.7167986383120784,1,Karachi East,.01941,.04593,karachi east,2863326.68661499,-.0002731103348689
Sindh,Karachi,Karachi Malir,.0800475034460744,.08047,19.35482746455384,19.5624,11.0773,28.0475,1,41.35790080933157,41.1337,.6556393235702308,9,Karachi Malir,.04196,.11898,karachi malir,2052084.208835602,-.0004224965539256
Sindh,Karachi,Karachi South,.0182715414807514,.01807,4.837891589927435,4.78426,3.1019,6.46661,1,37.76757114358037,37.7763,.6765308234661216,5,Karachi South,.01123,.02492,karachi south,1776665.479278564,.0002015414807514
Sindh,Karachi,Karachi West,.0598548555340937,.06114,14.27363637269843,14.6018,9.79688,19.4066,1,41.93385201305791,41.8708,.6418868363014751,14,Karachi West,.03933,.08295,karachi west,3906797.988342285,-.0012851444659063
Sindh,Larkana,Kashmore,.3299563237746447,.32065,67.5580994752825,65.48139999999999,51.3275,79.6354,1,48.84037981195222,48.9674,.4628882419820306,113,Kashmore,.23999,.4013,kashmore,961524.37109375,.0093063237746447
Sindh,Sukkur,Khairpur,.2952017826709859,.29775,59.25338016520673,59.4229,52.506,66.3398,1,49.82024347774286,50.1064,.5045124164935491,92,Khairpur,.25834,.33715,khairpur,2423893.893676758,-.0025482173290141
Sindh,Karachi,Korangi,.0214354098502614,.01929,5.687336436984478,5.22684,2.39281,8.06086,1,37.68971659715422,36.904,.7062070527238253,3,Korangi,.00874,.02984,korangi,2517602.380905151,.0021454098502614
Sindh,Larkana,Larkana,.1787814753984355,.18283,41.22235900796215,41.7657,33.5993,49.9322,1,43.37002532142898,43.7753,.6125602942665264,22,Larkana,.14114,.22452,larkana,1089398.126304626,-.0040485246015645
Sindh,Hyderabad,Matiari,.2434098327434503,.2426,50.66747570456243,50.6415,36.1532,65.1298,1,48.04064725125669,47.9064,.5500921434448468,61,Matiari,.16459,.32062,matiari,603525.3534469604,.0008098327434503
Sindh,Mirpurkhas,Mir Pur Khas,.3718789693760151,.37412,64.86847480175093,65.2338,54.2785,76.1891,1,57.32815061746717,57.3502,.5036795375702728,94,Mir Pur Khas,.30507,.44317,mir pur khas,1152522.542160034,-.0022410306239849
Sindh,Shaheed Benazirabad,Nowshero Feroze,.1842200265726964,.1851,40.11116996227938,40.0015,28.7189,51.2841,1,45.92736306269233,46.2733,.5836006302497423,37,Nowshero Feroze,.12794,.24226,nowshero feroze,1207254.500125885,-.0008799734273036
Sindh,Shaheed Benazirabad,Sanghar,.2876663697266788,.28807,57.3478976832568,57.5684,48.2539,66.88290000000001,1,50.16162428752211,50.0393,.5189906419950835,79,Sanghar,.23571,.34043,sanghar,2036320.7394104,-.0004036302733212
Sindh,Larkana,Shahdadkot,.2228950541761691,.22395,49.52486123529963,49.1808,38.5297,59.8319,1,45.00669938622606,45.5364,.5738752492273826,43,Shahdadkot,.17128,.27663,shahdadkot,1276054.730926514,-.0010549458238309
Sindh,Shaheed Benazirabad,Shaheed Banazir Abad,.2840796181059396,.28156,58.31861701565334,58.0686,50.1856,65.9516,1,48.71165206638723,48.4869,.50766306149203,90,Shaheed Benazir Abad,.24033,.32279,shaheed banazir abad,1281719.011047363,.0025196181059396
Sindh,Larkana,Shikarpur,.3351238977127093,.34493,65.24743194998875,65.548,54.1452,76.9508,1,51.36200578278347,52.6231,.5215657540887096,76,Shikarpur,.27736,.41251,shikarpur,1226370.626670837,-.0098061022872907
Sindh,Hyderabad,Sujawal,.4334465114010486,.43464,78.21294392224056,78.29130000000001,68.315,88.2677,1,55.41876953666159,55.5159,.4874676942708718,103,Sujawal,.36237,.50691,sujawal,703595.1758804321,-.0011934885989515
Sindh,Sukkur,Sukkur,.2188728516233867,.22072,44.69524066440864,44.9367,34.1624,55.711,1,48.97005774435348,49.1175,.5972526384849208,29,Sukkur,.16071,.28073,sukkur,1291326.214797974,-.0018471483766133
Sindh,Hyderabad,Tando Allah Yar,.2880744804061143,.28416,57.70087596455254,57.1672,43.9652,70.36920000000001,1,49.92549516632773,49.7066,.5371700161332781,67,Tando Allah Yar,.21434,.35398,tando allah yar,616718.4096298218,.0039144804061143
Sindh,Hyderabad,Tando Muhammad Khan,.3778083544444024,.37346,73.25369236153641,72.52800000000001,61.3282,83.7278,1,51.57533255522006,51.492,.4536648231612045,116,Tando Muhammad Khan,.31032,.4366,tando muhammad khan,586320.7251243591,.0043483544444024
Sindh,Mirpurkhas,Tharparkar,.503935608544655,.50828,89.98478131914526,90.3874,84.2306,96.54430000000001,1,56.00231518676115,56.233,.426667512617995,121,Tharparkar,.46295,.5536,tharparkar,1652744.069854736,-.0043443914553449
Sindh,Hyderabad,Thatta,.3648414257134031,.36191,72.51594266818131,71.9075,62.1067,81.70820000000001,1,50.31189174259868,50.3304,.4842474242431451,107,Thatta,.30206,.42176,thatta,708619.9403610229,.002931425713403
Sindh,Mirpurkhas,Umer Kot,.39792645835427,.39974,74.91924690960823,75.0266,63.2606,86.7927,1,53.11404942903087,53.2796,.5002612712052732,97,Umer Kot,.32685,.47263,umer kot,1003268.112548828,-.00181354164573
