area,H,A,pop,MPI,year,mpi,h,a
Balochistan,67.68797751585382,55.9190007423317,8119282.36999321,.3785044064955961,2014_15,.378,67.5,56
Balochistan-Rural,81.08961559653683,57.48831951553674,5805310.750377655,.466170573080576,2014_15,.464,80.7,57.5
Balochistan-Urban,34.06583929992117,46.54716297323617,2313971.619615555,.1585668173713504,2014_15,.16,34.4,46.7
Khyber Pakhtunkhwa,41.10528239840664,49.56451353687719,22776066.19902802,.2037363325872985,2014_15,.205,41.3,49.5
Khyber Pakhtunkhwa-Rural,48.01956875252603,49.84049209418853,18661930.29702759,.2393318936776616,2014_15,.24,48.1,49.8
Khyber Pakhtunkhwa-Urban,9.741726826135745,43.39379726943948,4114135.902000427,.0422730518947595,2014_15,.045,10.3,43.7
Pakistan,32.84351638896826,49.33012744143742,163934672.5736694,.1620174849092743,2014_15,.162,32.8,49.4
Punjab,24.71168608730965,45.42990818864629,91800433.62682343,.1122649630133126,2014_15,.112,24.6,45.6
Punjab-Rural,33.72728959855849,45.76488498177164,61478572.02579498,.1543525529224932,2014_15,.153,33.4,45.9
Punjab-Urban,6.432253342866205,41.86867074264935,30321861.60102844,.0269309897345771,2014_15,.028,6.6,42
Rural,45.58252372281405,49.88530409480062,106434998.7475414,.2273898057321042,2014_15,.227,45.4,50
Sindh,39.52223632729184,52.40235655116265,41238890.37782478,.207105831972206,2014_15,.209,39.8,52.5
Sindh-Rural,68.87447909534886,53.43179717611179,20489185.6743412,.3680087197633031,2014_15,.368,68.8,53.5
Sindh-Urban,10.53852014302768,45.75892021165514,20749704.70348358,.0482231302373724,2014_15,.049,10.6,46.1
Urban,9.262926458618367,44.27304046039966,57499673.82612801,.0410097917884117,2014_15,.042,9.4,44.5
