round,domain,sex,window_months,u5mr_per_1000,survival,births
2006_07,Balochistan,All,60,69.37467960573763,.9306253203942624,1038
2006_07,Balochistan,Female,60,77.20761657831832,.9227923834216817,484
2006_07,Balochistan,Male,60,62.70403930905566,.9372959606909443,554
2006_07,Khyber Pakhtunkhwa,All,60,77.5422321549939,.9224577678450061,1791
2006_07,Khyber Pakhtunkhwa,Female,60,64.37168255672709,.9356283174432729,841
2006_07,Khyber Pakhtunkhwa,Male,60,89.14743099496714,.9108525690050329,950
2006_07,Pakistan,All,60,94.17006636155345,.9058299336384465,9202
2006_07,Pakistan,Female,60,92.38699933654304,.907613000663457,4387
2006_07,Pakistan,Male,60,95.85494531858096,.904145054681419,4815
2006_07,Punjab,All,60,96.45474178156199,.903545258218438,3716
2006_07,Punjab,Female,60,94.23866649430256,.9057613335056974,1777
2006_07,Punjab,Male,60,98.66308589251238,.9013369141074876,1939
2006_07,Sindh,All,60,102.9303460610997,.8970696539389003,2657
2006_07,Sindh,Female,60,106.8098972655028,.8931901027344972,1285
2006_07,Sindh,Male,60,99.42034472678851,.9005796552732115,1372
2006_07,Balochistan,All,120,59.21515885045092,.9407848411495491,2292
2006_07,Balochistan,Female,120,66.77675319066145,.9332232468093385,1060
2006_07,Balochistan,Male,120,52.76463163759282,.9472353683624072,1232
2006_07,Khyber Pakhtunkhwa,All,120,74.63466054899337,.9253653394510066,3676
2006_07,Khyber Pakhtunkhwa,Female,120,68.4258822084941,.9315741177915059,1788
2006_07,Khyber Pakhtunkhwa,Male,120,80.48763241173718,.9195123675882628,1888
2006_07,Pakistan,All,120,93.31480303911077,.9066851969608892,18987
2006_07,Pakistan,Female,120,93.35806129262147,.9066419387073785,9061
2006_07,Pakistan,Male,120,93.26797408129283,.9067320259187072,9926
2006_07,Punjab,All,120,97.45239679177497,.902547603208225,7594
2006_07,Punjab,Female,120,98.11776157167829,.9018822384283217,3606
2006_07,Punjab,Male,120,96.86443349834894,.9031355665016511,3988
2006_07,Sindh,All,120,101.4426501327572,.8985573498672428,5425
2006_07,Sindh,Female,120,102.4860628222228,.8975139371777772,2607
2006_07,Sindh,Male,120,100.4850599514747,.8995149400485253,2818
2012_13,Balochistan,All,60,96.6286693316566,.9033713306683434,1912
2012_13,Balochistan,Female,60,92.77948384629741,.9072205161537026,970
2012_13,Balochistan,Male,60,100.369277991684,.899630722008316,942
2012_13,Khyber Pakhtunkhwa,All,60,61.36142140937562,.9386385785906244,2284
2012_13,Khyber Pakhtunkhwa,Female,60,68.28666090810565,.9317133390918944,1132
2012_13,Khyber Pakhtunkhwa,Male,60,54.66519463529784,.9453348053647022,1152
2012_13,Pakistan,All,60,89.00887754275099,.910991122457249,10758
2012_13,Pakistan,Female,60,88.20365302014777,.9117963469798522,5293
2012_13,Pakistan,Male,60,89.85386627051362,.9101461337294864,5465
2012_13,Punjab,All,60,91.42956043963035,.9085704395603696,3311
2012_13,Punjab,Female,60,90.69290943639319,.9093070905636068,1593
2012_13,Punjab,Male,60,92.23035712826078,.9077696428717392,1718
2012_13,Sindh,All,60,99.04624292733644,.9009537570726636,2531
2012_13,Sindh,Female,60,93.92589024026509,.9060741097597349,1247
2012_13,Sindh,Male,60,104.068657826106,.895931342173894,1284
2012_13,Balochistan,All,120,110.4849051802096,.8895150948197904,4152
2012_13,Balochistan,Female,120,106.9328191202803,.8930671808797197,2025
2012_13,Balochistan,Male,120,113.7459573926973,.8862540426073027,2127
2012_13,Khyber Pakhtunkhwa,All,120,69.8230027098251,.9301769972901749,4683
2012_13,Khyber Pakhtunkhwa,Female,120,77.4952543474442,.9225047456525558,2256
2012_13,Khyber Pakhtunkhwa,Male,120,62.85260295366424,.9371473970463358,2427
2012_13,Pakistan,All,120,96.98741077786643,.9030125892221336,21569
2012_13,Pakistan,Female,120,95.9327151414091,.9040672848585909,10408
2012_13,Pakistan,Male,120,97.97693893467508,.9020230610653249,11161
2012_13,Punjab,All,120,104.6456317283642,.8953543682716358,6486
2012_13,Punjab,Female,120,103.0363450688461,.8969636549311539,3053
2012_13,Punjab,Male,120,106.1079668422956,.8938920331577044,3433
2012_13,Sindh,All,120,92.77540254670247,.9072245974532975,4872
2012_13,Sindh,Female,120,88.06730746283264,.9119326925371674,2376
2012_13,Sindh,Male,120,97.23832247126363,.9027616775287364,2496
2017_18,Balochistan,All,60,113.5585029685225,.8864414970314775,1507
2017_18,Balochistan,Female,60,100.5268718754518,.8994731281245482,716
2017_18,Balochistan,Male,60,124.7407176144704,.8752592823855296,791
2017_18,Khyber Pakhtunkhwa,All,60,58.77264717990926,.9412273528200907,2111
2017_18,Khyber Pakhtunkhwa,Female,60,57.49423662587827,.9425057633741217,1048
2017_18,Khyber Pakhtunkhwa,Male,60,60.01065943928441,.9399893405607156,1063
2017_18,Pakistan,All,60,73.99707884073625,.9260029211592637,10479
2017_18,Pakistan,Female,60,67.61971343322315,.9323802865667769,5133
2017_18,Pakistan,Male,60,80.28409080720922,.9197159091927908,5346
2017_18,Punjab,All,60,79.15186946584107,.9208481305341589,2759
2017_18,Punjab,Female,60,72.98973703912559,.9270102629608744,1347
2017_18,Punjab,Male,60,84.94189441778055,.9150581055822194,1412
2017_18,Sindh,All,60,69.35706992222823,.9306429300777718,2271
2017_18,Sindh,Female,60,61.22668625256866,.9387733137474313,1142
2017_18,Sindh,Male,60,78.27554063997822,.9217244593600218,1129
2017_18,Balochistan,All,120,78.40423348297854,.9215957665170215,3346
2017_18,Balochistan,Female,120,67.42657890552472,.9325734210944753,1599
2017_18,Balochistan,Male,120,87.99544494341582,.9120045550565842,1747
2017_18,Khyber Pakhtunkhwa,All,120,64.41644427934168,.9355835557206583,4176
2017_18,Khyber Pakhtunkhwa,Female,120,61.16167108620451,.9388383289137955,2059
2017_18,Khyber Pakhtunkhwa,Male,120,67.76501625138643,.9322349837486136,2117
2017_18,Pakistan,All,120,77.65497880913419,.9223450211908658,21148
2017_18,Pakistan,Female,120,68.10445899318651,.9318955410068135,10286
2017_18,Pakistan,Male,120,86.92248193533325,.9130775180646667,10862
2017_18,Punjab,All,120,84.68295609993292,.9153170439000671,5402
2017_18,Punjab,Female,120,75.70482131597367,.9242951786840263,2634
2017_18,Punjab,Male,120,93.23858773985394,.9067614122601461,2768
2017_18,Sindh,All,120,76.67419012055309,.9233258098794469,4560
2017_18,Sindh,Female,120,60.93480581223177,.9390651941877682,2221
2017_18,Sindh,Male,120,92.06846926950662,.9079315307304934,2339
