round,domain,sex,stunted,wasted,notstunted_pd,notwasted_pd
2012_13,Balochistan,All,81.87426241193702,12.87941914367038,18.12573758806298,87.12058085632962
2012_13,Balochistan,Female,78.66305567296055,13.38509886917424,21.33694432703945,86.61490113082576
2012_13,Balochistan,Male,85.21941145584408,12.35264706457598,14.78058854415592,87.64735293542402
2012_13,Khyber Pakhtunkhwa,All,41.90260632345012,12.04811960388706,58.09739367654988,87.95188039611294
2012_13,Khyber Pakhtunkhwa,Female,38.70606127933301,9.835940340368069,61.29393872066699,90.16405965963193
2012_13,Khyber Pakhtunkhwa,Male,45.50923655979172,14.54409964167794,54.49076344020828,85.45590035832205
2012_13,Pakistan,All,44.8636372343308,10.82217746920392,55.1363627656692,89.17782253079608
2012_13,Pakistan,Female,41.74759635582549,9.947190681416695,58.25240364417451,90.0528093185833
2012_13,Pakistan,Male,48.0045270480511,11.70414185800836,51.9954729519489,88.29585814199164
2012_13,Punjab,All,39.75833009944182,9.486043610056129,60.24166990055818,90.51395638994387
2012_13,Punjab,Female,36.97199778202863,8.826232034171607,63.02800221797137,91.17376796582839
2012_13,Punjab,Male,42.54310313936536,10.14548594450769,57.45689686063464,89.85451405549232
2012_13,Sindh,All,56.69082010180526,13.57706403103973,43.30917989819474,86.42293596896027
2012_13,Sindh,Female,52.76757889404004,12.68369083698158,47.23242110595996,87.31630916301842
2012_13,Sindh,Male,60.51472721835707,14.44781755690854,39.48527278164293,85.55218244309145
2017_18,Balochistan,All,47.43471970458558,18.25104978112248,52.56528029541442,81.74895021887752
2017_18,Balochistan,Female,41.50564115389426,17.22216496167323,58.49435884610574,82.77783503832677
2017_18,Balochistan,Male,52.47643007820545,19.19426368720156,47.52356992179455,80.80573631279844
2017_18,Khyber Pakhtunkhwa,All,40.38848614755682,7.517641640501983,59.61151385244318,92.48235835949802
2017_18,Khyber Pakhtunkhwa,Female,42.52648779660701,7.328585954506149,57.47351220339299,92.67141404549385
2017_18,Khyber Pakhtunkhwa,Male,37.99894875997944,7.724501416618594,62.00105124002056,92.27549858338141
2017_18,Pakistan,All,37.62958245837887,7.091369547762633,62.37041754162113,92.90863045223736
2017_18,Pakistan,Female,37.06879143853453,6.556138605297576,62.93120856146547,93.44386139470242
2017_18,Pakistan,Male,38.16496781260648,7.603214995585788,61.83503218739352,92.39678500441421
2017_18,Punjab,All,29.84869160228835,3.951888697506281,70.15130839771166,96.04811130249372
2017_18,Punjab,Female,27.80443641287211,3.108589764250709,72.19556358712789,96.89141023574929
2017_18,Punjab,Male,31.62104846156125,4.68303716495267,68.37895153843876,95.31696283504733
2017_18,Sindh,All,49.8578720734622,11.70615641289259,50.1421279265378,88.2938435871074
2017_18,Sindh,Female,49.30169387038048,11.1112493528435,50.69830612961952,88.8887506471565
2017_18,Sindh,Male,50.4599874978504,12.35433687458477,49.5400125021496,87.64566312541523
