round,domain,q,u5mr_per_1000,le_pdhs,births,window_months
2006_07,Balochistan,poorest,68.03084709910023,68.35689450525621,727,120
2006_07,Balochistan,poorer,69.05258086996635,68.16446131985106,569,120
2006_07,Balochistan,middle,38.90559332518262,74.73001003138813,564,120
2006_07,Balochistan,richer,64.39299452854941,69.0663208827975,236,120
2006_07,Balochistan,richest,30.1505583766114,77.08273755060941,196,120
2006_07,Khyber Pakhtunkhwa,poorest,78.23225435239422,66.45202767177854,538,120
2006_07,Khyber Pakhtunkhwa,poorer,85.98615272197353,65.10164624674137,1169,120
2006_07,Khyber Pakhtunkhwa,middle,64.8745481041677,68.97014276748219,767,120
2006_07,Khyber Pakhtunkhwa,richer,67.96013881373331,68.37031842531886,662,120
2006_07,Khyber Pakhtunkhwa,richest,58.56229844327143,70.26232192029107,540,120
2006_07,Pakistan,poorest,120.786269113865,59.5022613157285,4459,120
2006_07,Pakistan,poorer,102.2783050353904,62.38625216984677,4167,120
2006_07,Pakistan,middle,90.03574956201099,64.3911029280072,3872,120
2006_07,Pakistan,richer,79.3937702105637,66.2414364758919,3441,120
2006_07,Pakistan,richest,59.94611986203291,69.99006464984842,3048,120
2006_07,Punjab,poorest,131.0679730105654,57.98125304373979,1430,120
2006_07,Punjab,poorer,105.7377218872727,61.81761710840654,1367,120
2006_07,Punjab,middle,98.75107620616642,62.94510721935946,1718,120
2006_07,Punjab,richer,79.0676363656958,66.30025418511383,1577,120
2006_07,Punjab,richest,66.52219825253903,68.64638344000797,1502,120
2006_07,Sindh,poorest,129.9516056661101,58.14051461722514,1764,120
2006_07,Sindh,poorer,123.1934640378007,59.13485559524931,1062,120
2006_07,Sindh,middle,94.45689456624729,63.64088909189632,823,120
2006_07,Sindh,richer,87.43868732173577,64.84916440093366,966,120
2006_07,Sindh,richest,47.97906922864969,72.56873443433517,810,120
2017_18,Balochistan,poorest,104.5422684995452,62.01198604972582,1075,120
2017_18,Balochistan,poorer,66.65675243885727,68.62029903661931,1059,120
2017_18,Balochistan,middle,76.94927807790519,66.68830584979952,576,120
2017_18,Balochistan,richer,49.42176436180601,72.23333472832559,423,120
2017_18,Balochistan,richest,64.85675097564037,68.9736845697131,213,120
2017_18,Khyber Pakhtunkhwa,poorest,68.22763640961738,68.31960750982871,649,120
2017_18,Khyber Pakhtunkhwa,poorer,80.9060950561542,65.97181160864879,904,120
2017_18,Khyber Pakhtunkhwa,middle,61.74910609166228,69.60753087853521,982,120
2017_18,Khyber Pakhtunkhwa,richer,38.89186262042976,74.73364935533777,811,120
2017_18,Khyber Pakhtunkhwa,richest,47.09774364433972,72.75988143139632,830,120
2017_18,Pakistan,poorest,99.86024084081902,62.77030668773681,5151,120
2017_18,Pakistan,poorer,82.02460783023258,65.77562020752474,4595,120
2017_18,Pakistan,middle,81.86786045753314,65.80295252997199,4002,120
2017_18,Pakistan,richer,57.66368144118761,70.44192637883386,3752,120
2017_18,Pakistan,richest,56.30954462404358,70.71793152898789,3648,120
2017_18,Punjab,poorest,123.4737224785151,59.09254766085947,777,120
2017_18,Punjab,poorer,89.6390848300418,64.46020375619288,1077,120
2017_18,Punjab,middle,91.61552703949161,64.11888631583084,1238,120
2017_18,Punjab,richer,65.37844104186897,68.87026429906733,1172,120
2017_18,Punjab,richest,64.66699945030685,69.01150751197852,1138,120
2017_18,Sindh,poorest,99.62209253832822,62.80767379414006,1745,120
2017_18,Sindh,poorer,81.58459956802999,65.85247824073579,671,120
2017_18,Sindh,middle,77.93918270904787,66.50565767606241,636,120
2017_18,Sindh,richer,49.90300467139108,72.12078488970819,830,120
2017_18,Sindh,richest,31.8486185679695,76.58387184543477,678,120
