domain,lit_15plus,lit_10plus,ner_5_14,pop_w,pc_exp_rs,pci_ppp_survey,life_mics,life_pdhs,sb_education_index,sb_health_index,sb_income_index,sb_hdi,sb_classification,pd_education_index,pd_health_index,pd_income_index,pd_hdi,pd_classification,hdi_source_spread,edu_idx_2018_19,health_idx_2018_19,income_idx_2018_19,hdi_2006_07,hdi_2018_19
Balochistan,45.41242232804043,48.90706368620796,22.73983302736621,14778038.62539673,121116.2110869372,4709.243544845101,72.72793527460897,66.49451198584296,.3785489256114902,.7342759273016765,.557650383715016,.5371733245084311,Low human development,.3785489256114902,.6383771074745072,.557650383715016,.5126887360731232,Low human development,.024484588435308,.324,.631,.518,.47,.473
Balochistan-Rural,39.15457680194844,43.36095787358161,20.04216130132536,10165137.60742188,112483.7929722431,4373.597648080324,72.02793527460896,65.79451198584296,.3278377163507408,.7235066965324456,.546946275779988,.5062309732398668,Low human development,.3278377163507408,.6276078767052763,.546946275779988,.4827963635360131,Low human development,.0234346097038537,.269,.625,.507,.435,.44
Balochistan-Urban,58.17052218434721,60.5746800105074,29.33773969568511,4612901.017974854,140138.8863359262,5448.883679043851,75.22793527460897,68.99451198584296,.4855959468812651,.7727374657632149,.5787691789429799,.6010871900842705,Medium human development,.4855959468812651,.6768386459360456,.5787691789429799,.5751156674664306,Medium human development,.0259715226178399,.461,.658,.541,.5679999999999999,.548
Khyber Pakhtunkhwa,53.70917043988378,58.48107594042734,36.25590222249179,40664013.0736084,135876.2503549843,5283.143760356449,75.30474705818995,69.14534609427885,.4789141436741978,.7739191855106146,.5742974761650048,.5970766140032348,Medium human development,.4789141436741978,.6791591706812131,.5742974761650048,.5716392578832326,Medium human development,.0254373561200022,.438,.701,.529,.491,.546
Khyber Pakhtunkhwa-Rural,51.29840589432859,56.50087426784196,35.73547152851517,34619198.2399292,128990.7644210444,5015.422124280389,74.60474705818994,68.44534609427885,.4611076110572412,.7631499547413837,.5667691638001404,.5842599659283789,Medium human development,.4611076110572412,.6683899399119823,.5667691638001404,.5590012808267876,Medium human development,.0252586851015913,.416,.6919999999999999,.523,.476,.532
Khyber Pakhtunkhwa-Urban,66.29262756462502,69.1216420200832,39.69609360287664,6044814.833679199,175310.0475984009,6816.409649792112,77.80474705818995,71.64534609427885,.5742711624404222,.812380723972153,.611185227531548,.6581877913332187,Medium human development,.5742711624404222,.7176207091427516,.611185227531548,.6315313873823597,Medium human development,.026656403950859,.545,.753,.5590000000000001,.5629999999999999,.612
Pakistan,59.98988213737285,63.05851852466338,38.47737809055215,240649602.8447266,157142.0213658818,6110.00000000003,70.94297833697041,66.32317141650563,.5281904745509928,.7068150513380064,.5953470700808521,.6057436333240467,Medium human development,.5281904745509928,.6357410987154712,.5953470700808521,.5847187555043618,Medium human development,.0210248778196849,.506,.648,.5639999999999999,.529,.57
Pakistan-Rural,51.23417467986222,55.36362811329734,35.95651248813164,147440193.0653381,130525.5308292484,5075.096950101119,70.24297833697041,65.62317141650563,.4614162061595203,.6960458205687755,.5684814476789433,.5673037531130198,Medium human development,.4614162061595203,.6249718679462404,.5684814476789433,.5472971706197978,Low human development,.0200065824932221,.43,.637,.534,.483,.527
Pakistan-Urban,72.59265713038101,74.45377640836054,43.09257204339486,93209409.77938843,199244.4283302765,7747.02683926599,73.44297833697041,68.82317141650563,.6275929543471895,.7452765897995448,.6297116868550895,.6653432636231935,Medium human development,.6275929543471895,.6742026371770097,.6297116868550895,.6434825190077069,Medium human development,.0218607446154866,.63,.6909999999999999,.606,.606,.641
Punjab,64.89989896535519,68.12117495514636,43.26184163604803,129688738.0396729,165670.4045836885,6441.600809305344,68.20916579485939,65.26647128361294,.5768721318891947,.6647563968439906,.6029979359240503,.6137892859280731,Medium human development,.5768721318891947,.6194841735940453,.6029979359240503,.5995267058068373,Medium human development,.0142625801212358,.556,.598,.5629999999999999,.527,.572
Punjab-Rural,57.19104959323571,61.3108900327479,41.06481834423732,77026611.44335938,142685.2895721216,5547.892993280228,67.50916579485938,64.56647128361294,.5181563917690291,.6539871660747598,.5813760252971656,.5818741554772803,Medium human development,.5181563917690291,.6087149428248145,.5813760252971656,.5681251044544278,Medium human development,.0137490510228525,.488,.588,.546,.488,.539
Punjab-Urban,75.50383205084692,77.66610646830249,46.80470724516879,52662126.59631348,199289.7366807109,7748.788519679335,70.70916579485939,67.76647128361294,.6593745711562088,.703217935305529,.6297446027560587,.6634306459848962,Medium human development,.6593745711562088,.6579457120555837,.6297446027560587,.648876784847953,Medium human development,.0145538611369432,.665,.638,.591,.6,.631
Sindh,55.99075524283494,57.6673960237072,34.73695247148807,55518813.10604858,162385.4178453526,6313.87387288966,73.6591660094724,66.67889013727047,.4890615431905265,.7486025539918831,.600098634032029,.6034099753888209,Medium human development,.4890615431905265,.6412136944195457,.600098634032029,.5730550099448661,Medium human development,.0303549654439548,.484,.66,.593,.529,.574
Sindh-Rural,36.24717277645765,39.31347125186753,29.69683294728481,25629245.77462769,103209.2419474923,4012.984323466879,72.9591660094724,65.97889013727047,.3406372616673337,.7378333232226523,.5344891543954452,.5121491291094444,Low human development,.3406372616673337,.6304444636503149,.5344891543954452,.4859884654546313,Low human development,.0261606636548132,.331,.63,.547,.447,.485
Sindh-Urban,70.6606740432818,71.79457438247198,40.0319113145191,29889567.3314209,213126.8936008264,8286.80520068572,76.1591660094724,69.17889013727047,.6045108646702757,.7870640924534216,.6394623766435832,.6725786376313203,Medium human development,.6045108646702757,.6796752328810842,.6394623766435832,.6404818850116648,Medium human development,.0320967526196555,.613,.698,.626,.599,.645
