lit15,ner,cons,quintile,pci,year,births,u5mr_per_1000,le,s_education_index,s_health_index,s_income_index,s_hdi,s_classification,a_edu,a_health,a_inc,ihdi,loss,palma,pashum
50.66182772868891,34.71126133221546,18170.9473121359,All,3350,2006-07,18987,93.31480303911077,63.83126953984716,.4534497226319776,.5974041467668794,.5083482690122816,.5164000086088461,Low human development,.0560957647636553,.0014997275020359,.1406588527822507,.4813564742172234,6.786121961157221,1.782468785496846,.1561780375504214
25.80932510711395,22.30423912236249,8075.233337596808,Q1,1488.751863964844,2006-07,4459,120.7862691138652,59.50226131572847,.2464096311219679,.5308040202419765,.3909407727472417,.3711655126710011,Low human development,.0560957647636553,.0014997275020359,.1406588527822507,,,,
37.772038099436,29.74249695171387,11214.77347960908,Q2,2067.55820218568,2006-07,4167,102.2783050353905,62.38625216984675,.3509552438352862,.5751731103053346,.4384859146250101,.4456582861406786,Low human development,.0560957647636553,.0014997275020359,.1406588527822507,,,,
45.49428038852565,35.89546535622058,14187.73944120643,Q3,2615.654886429516,2006-07,3872,90.03574956201111,64.39110292800717,.4229467537775729,.6060169681231873,.4725268139810926,.494765011017122,Low human development,.0560957647636553,.0014997275020359,.1406588527822507,,,,
57.34534373631082,42.96315011233839,18662.79765645142,Q4,3440.677641905688,2006-07,3441,79.39377021056382,66.24143647589189,.5255127919498667,.6344836380906445,.5122146617833019,.554819744820545,Medium human development,.0560957647636553,.0014997275020359,.1406588527822507,,,,
75.44226275172943,52.26164261411623,38713.39331299304,Q5,7137.21004033236,2006-07,3048,59.94611986203291,69.99006464984842,.6771538937252503,.6921548407668988,.6178428259198199,.6615909405889934,Medium human development,.0560957647636553,.0014997275020359,.1406588527822507,,,,
55.39287702228434,39.47956593064498,42051.83079819087,All,3910,2012-13,21569,96.98741077786643,63.22713892887965,.5008843999173789,.5881098296750715,.5307255857986223,.5387103543479537,Low human development,.0376857894129433,.0024851933084852,.1303178557951894,.5072486784194177,5.840184001404003,1.673334877556855,.1378200068306006
31.65630457974015,29.28720264642906,19265.43273506905,Q1,1791.309452271474,2012-13,4830,118.9957845516895,59.78031988995903,.3086660393530312,.5350818444609082,.4177235391886275,.410140513887335,Low human development,.0376857894129433,.0024851933084852,.1303178557951894,,,,
42.17397028684235,36.89432765593318,26601.94545258775,Q2,2473.462028770764,2012-13,4145,115.9097908459665,60.2474744861522,.4041408940987263,.5422688382484954,.4644350825670829,.466900301901314,Low human development,.0376857894129433,.0024851933084852,.1303178557951894,,,,
51.93761707681161,39.85383535845656,33480.6302936747,Q3,3113.045543165744,2012-13,4265,98.42307721417087,62.99717500839499,.4790968983735993,.5845719232060768,.4977284914536416,.5185029972204259,Low human development,.0376857894129433,.0024851933084852,.1303178557951894,,,,
62.76389927232688,46.45473173404099,43737.1576291196,Q4,4066.702521242305,2012-13,4128,84.06138391359519,65.4251370246877,.5732751009289825,.6219251849951953,.5364141349939662,.5761476731754392,Medium human development,.0376857894129433,.0024851933084852,.1303178557951894,,,,
77.22005676251185,54.32144629072631,87173.23082786442,Q5,8105.410063421391,2012-13,4201,48.48055346007018,72.45666335738743,.6958718660525,.7301025131905758,.6362583304242998,.6863024265867691,Medium human development,.0376857894129433,.0024851933084852,.1303178557951894,,,,
55.28146645898376,36.72109294239586,61549.08929059943,All,4480,2015-16,20612,77.49613938946254,66.58711549546621,.4909467528678779,.6398017768533263,.550426004666048,.5570911499056644,Medium human development,.0498865597780981,.0013343151070739,.1392576879461648,.5207338859733798,6.526268446095629,1.706728245436494,.1435175736897616
28.1450252545553,25.51613421564095,27369.13753261972,Q1,1992.129169730274,2015-16,5108,100.7400344812882,62.63302952644222,.2726872824158385,.578969685022188,.4331058315570645,.4089199006105485,Low human development,.0498865597780981,.0013343151070739,.1392576879461648,,,,
40.71256556815307,33.64386403052891,37840.01993676049,Q2,2754.277784944882,2015-16,4562,82.86058419139752,65.63072594360965,.3835633172227835,.6250880914401484,.4800025797520017,.4864153677722921,Low human development,.0498865597780981,.0013343151070739,.1392576879461648,,,,
51.93960102599245,38.1319278418015,48416.43074118577,Q3,3524.107541159684,2015-16,3890,82.43558916456296,65.70420391105667,.473370432979288,.6262185217085641,.5156830509367578,.5346915220976884,Low human development,.0498865597780981,.0013343151070739,.1392576879461648,,,,
62.26862364959438,44.20509338922539,63922.63696320271,Q4,4652.764433979802,2015-16,3635,59.96164154527372,69.98672261743087,.5624744689613804,.6921034248835518,.5559036883605435,.6003775663739244,Medium human development,.0498865597780981,.0013343151070739,.1392576879461648,,,,
79.94318252936269,52.17271902005143,130193.9200419925,Q5,9476.480781612645,2015-16,3417,48.53507513340161,72.4436087274692,.7068636135959226,.7299016727302954,.6588823620633636,.6979151444931069,Medium human development,.0498865597780981,.0013343151070739,.1392576879461648,,,,
57.39593313481807,36.99897769854913,55444.42125944306,All,4925,2018-19,21148,77.65497880913419,66.5578578978739,.5059694798939508,.6393516599672908,.5641354116112101,.5672168973626039,Medium human development,.0496945511056202,.0010327720560956,.1440640931867853,.5292989859914494,6.684905112570161,1.680466118595813,.1389946958828108
29.88601549042069,25.98087702046115,23324.22556062967,Q1,2071.837134859382,2018-19,5151,99.8602408408199,62.77030668773667,.2858430266710084,.5810816413497949,.4387852043133533,.4177074717181914,Low human development,.0496945511056202,.0010327720560956,.1440640931867853,,,,
42.28917305432095,33.39189393083063,33722.93327397554,Q2,2995.530345553793,2018-19,4595,82.02460783023201,65.77562020752484,.3932341334649084,.6273172339619206,.492157907824102,.4951623684814483,Low human development,.0496945511056202,.0010327720560956,.1440640931867853,,,,
53.35601953459884,37.56047046933159,44045.47756150253,Q3,3912.458134883217,2018-19,4002,81.86786045753291,65.80295252997203,.4809083651284309,.6277377312303389,.53081656780899,.5431607068434311,Low human development,.0496945511056202,.0010327720560956,.1440640931867853,,,,
66.22026178734227,43.88168941675607,59649.63043407972,Q4,5298.539027275143,2018-19,3752,57.66368144118783,70.44192637883381,.5877407099714687,.6991065596743663,.5747187125172903,.6181039173637952,Medium human development,.0496945511056202,.0010327720560956,.1440640931867853,,,,
82.86683915289211,53.9228686908146,116479.0888409358,Q5,10346.56868104482,2018-19,3648,56.30954462404358,70.71793152898789,.7321884899886627,.7033527927536598,.6715987816551402,.7019432537067396,High human development,.0496945511056202,.0010327720560956,.1440640931867853,,,,
