domain,lit_reproduced,ner_reproduced,quintile,lit_published,ner_published,lit_diff,ner_diff
Balochistan,37.47919346995678,22.12707111078181,All,37.5,22.1,-.0208065300432239,.0270711107818045
Balochistan,17.55589924581301,12.68666079394177,Q1,20.1,14.4,-2.544100754186992,-1.713339206058235
Balochistan,26.62873256777011,18.59018410999954,Q2,24.1,17.6,2.528732567770106,.9901841099995359
Balochistan,31.81887304537414,20.11559633461801,Q3,32.1,21.1,-.281126954625865,-.9844036653819899
Balochistan,41.49661101226869,25.56906744091739,Q4,41.5,26.7,-.0033889877313058,-1.130932559082613
Balochistan,60.0188394437,40.94097876510717,Q5,59.7,38.2,.3188394436999999,2.740978765107165
Balochistan-Rural,30.8936386580569,19.05134790629301,All,30.9,19.1,-.0063613419430943,-.0486520937069876
Balochistan-Rural,15.13847313258952,13.10438125439573,Q1,17.5,14.2,-2.361526867410475,-1.095618745604272
Balochistan-Rural,20.36927693457761,15.67643934308315,Q2,18.5,16.2,1.869276934577609,-.5235606569168461
Balochistan-Rural,26.85959925726543,19.79135137042825,Q3,26.4,18.1,.4595992572654346,1.691351370428251
Balochistan-Rural,33.54735811996918,20.98043572620831,Q4,34,22.2,-.4526418800308178,-1.219564273791693
Balochistan-Rural,49.82641379804507,30.19670269056535,Q5,49.8,28.8,.0264137980450769,1.396702690565345
Balochistan-Urban,53.79428072672443,30.82974634211696,All,53.8,30.8,-.0057192732755666,.0297463421169581
Balochistan-Urban,39.03117698762984,16.89342901846688,Q1,36.7,19,2.331176987629838,-2.106570981533125
Balochistan-Urban,41.55951063853158,22.85185494299552,Q2,40.1,24.5,1.459510638531576,-1.648145057004481
Balochistan-Urban,48.94754234622138,29.94034969466354,Q3,52.1,29.9,-3.152457653778626,.0403496946635435
Balochistan-Urban,57.49735715655313,40.63302031444628,Q4,56,39.9,1.497357156553129,.7330203144462857
Balochistan-Urban,74.0815131682587,55.00224492720064,Q5,75.7,52.6,-1.618486831741308,2.402244927200634
Khyber Pakhtunkhwa,49.68068141447127,32.14393140262161,All,49.7,32.1,-.0193185855287368,.0439314026216095
Khyber Pakhtunkhwa,31.08809985323197,25.15309470993228,Q1,32.8,27.1,-1.711900146768031,-1.946905290067718
Khyber Pakhtunkhwa,39.32933600646155,29.22528891954528,Q2,41.2,30.4,-1.87066399353845,-1.174711080454721
Khyber Pakhtunkhwa,45.66360632186735,32.51604860789061,Q3,46.3,32.8,-.6363936781326487,-.2839513921093868
Khyber Pakhtunkhwa,55.01718784897086,35.87996085493575,Q4,55.8,35,-.7828121510291339,.8799608549357529
Khyber Pakhtunkhwa,69.79392606760194,41.68058584361356,Q5,65.7,38.8,4.093926067601942,2.880585843613559
Khyber Pakhtunkhwa-Rural,46.95098488461838,30.9572178329529,All,47,31,-.0490151153816214,-.0427821670471005
Khyber Pakhtunkhwa-Rural,30.24483195925552,24.41972647614148,Q1,32,26.1,-1.755168040744479,-1.680273523858517
Khyber Pakhtunkhwa-Rural,38.16505723496103,29.54626285635449,Q2,40.1,29.3,-1.934942765038969,.2462628563544875
Khyber Pakhtunkhwa-Rural,43.63906511205114,29.60818055542556,Q3,43.7,30.9,-.0609348879488607,-1.291819444574443
Khyber Pakhtunkhwa-Rural,51.09735607537272,33.43503216365809,Q4,53.2,34.2,-2.102643924627287,-.764967836341917
Khyber Pakhtunkhwa-Rural,65.24881643880025,40.99558791393589,Q5,60.4,37.4,4.848816438800249,3.595587913935887
Khyber Pakhtunkhwa-Urban,62.27229397954444,39.0287512476318,All,62.3,39,-.027706020455561,.0287512476317957
Khyber Pakhtunkhwa-Urban,40.19065943374791,33.2826096104173,Q1,40,38.2,.1906594337479106,-4.9173903895827
Khyber Pakhtunkhwa-Urban,51.05258426162362,38.27035917989168,Q2,52.7,37.9,-1.647415738376381,.370359179891679
Khyber Pakhtunkhwa-Urban,60.7252467160507,37.23641340496906,Q3,62.2,36.9,-1.474753283949305,.3364134049690577
Khyber Pakhtunkhwa-Urban,68.99221200905433,42.1031729278644,Q4,69,39.9,-.0077879909456726,2.203172927864401
Khyber Pakhtunkhwa-Urban,82.05265851809648,47.55082956094012,Q5,79,44.1,3.052658518096479,3.450829560940115
Pakistan,57.39593313481807,36.99897769854913,All,57.4,37,-.0040668651819331,-.0010223014508739
Pakistan,29.88601549042069,25.98087702046115,Q1,30.1,27.3,-.2139845095793156,-1.31912297953885
Pakistan,42.28917305432095,33.39189393083063,Q2,43.1,33.2,-.8108269456790538,.1918939308306236
Pakistan,53.35968533378491,37.55452982389623,Q3,55.4,38.6,-2.040314666215089,-1.04547017610377
Pakistan,66.21609285399953,43.8897259860987,Q4,66.7,45.1,-.483907146000476,-1.210274013901305
Pakistan,82.86683915289211,53.9228686908146,Q5,79.40000000000001,50.7,3.466839152892106,3.222868690814593
Pakistan-Rural,47.68115065436601,33.68789572657535,All,47.7,33.7,-.0188493456339884,-.0121042734246544
Pakistan-Rural,27.55341517196293,25.18040371338914,Q1,26.4,25.3,1.153415171962926,-.1195962866108644
Pakistan-Rural,35.62301479140532,30.21934780211858,Q2,36,31.5,-.3769852085946752,-1.28065219788142
Pakistan-Rural,43.36380584715864,33.71487229933014,Q3,44.1,34,-.7361941528413638,-.2851277006698609
Pakistan-Rural,53.1934295212636,39.14895767039241,Q4,55.4,39.2,-2.206570478736396,-.0510423296075899
Pakistan-Rural,69.05007424364742,47.61959951174408,Q5,66.59999999999999,46.4,2.450074243647421,1.219599511744086
Pakistan-Urban,72.6598077686853,43.72491651833325,All,72.7,43.7,-.0401922313147054,.0249165183332423
Pakistan-Urban,48.86608188910395,33.17901898928252,Q1,48.6,34.1,.2660818891039511,-.9209810107174832
Pakistan-Urban,62.20922442733854,39.34823667719263,Q2,63.6,40.2,-1.390775572661461,-.851763322807372
Pakistan-Urban,72.04170940804575,45.26642548953282,Q3,72.3,46.4,-.2582905919542497,-1.133574510467177
Pakistan-Urban,80.61910530211819,51.8305154142846,Q4,80,49.7,.6191053021181858,2.130515414284602
Pakistan-Urban,91.31025865321848,57.86387720687804,Q5,90.09999999999999,57.9,1.210258653218489,-.0361227931219545
Punjab,61.95352350152772,42.85546001368586,All,62,42.9,-.0464764984722805,-.0445399863141418
Punjab,33.46962911846585,32.09305101956667,Q1,34.7,33.7,-1.230370881534157,-1.606948980433337
Punjab,49.051252789642,39.60857721605948,Q2,50,40,-.9487472103580004,-.39142278394052
Punjab,60.22836280965102,44.75245258280053,Q3,61.8,43.9,-1.571637190348973,.8524525828005309
Punjab,70.87100652908379,48.77692896918826,Q4,70.7,50.6,.1710065290837832,-1.823071030811739
Punjab,85.10435136724668,58.20514021534004,Q5,81.09999999999999,55.8,4.004351367246684,2.405140215340047
Punjab-Rural,53.22157099580183,40.02669286829308,All,53.2,40,.0215709958018309,.0266928682930754
Punjab-Rural,30.96509761784096,31.35446835297582,Q1,30.4,32.2,.5650976178409657,-.8455316470241812
Punjab-Rural,39.69522536012888,35.93252802677643,Q2,42.2,37.5,-2.504774639871123,-1.567471973223569
Punjab-Rural,52.20222138742543,40.83994022802944,Q3,51.4,40.8,.8022213874254334,.0399402280294439
Punjab-Rural,59.55634072140985,48.30580591371872,Q4,61.7,47.3,-2.14365927859015,1.005805913718724
Punjab-Rural,73.96144949493333,51.98574611605312,Q5,70.2,50.9,3.761449494933331,1.085746116053123
Punjab-Urban,75.67250042415883,48.27936153383048,All,75.7,48.3,-.0274995758411762,-.0206384661695154
Punjab-Urban,55.13487915608333,39.28234331496747,Q1,55.7,40.6,-.5651208439166737,-1.317656685032532
Punjab-Urban,66.52412731837676,43.4677030967998,Q2,67.90000000000001,43.4,-1.37587268162325,.0677030967997965
Punjab-Urban,75.79102465580544,48.42025646662728,Q3,74.7,50.9,1.091024655805441,-2.479743533372719
Punjab-Urban,82.56904037419389,56.67969461789658,Q4,82.09999999999999,54,.4690403741938951,2.67969461789658
Punjab-Urban,91.98522924559197,60.79706361251169,Q5,90.7,60.6,1.285229245591964,.1970636125116911
Sindh,56.49559137028184,32.1979957723422,All,56.5,32.2,-.0044086297181636,-.0020042276577996
Sindh,25.38941600417249,18.45972780832454,Q1,25.4,20.6,-.0105839958275062,-2.140272191675464
Sindh,36.25126186625025,31.24647644910482,Q2,37.5,29.2,-1.248738133749747,2.046476449104823
Sindh,50.97534339285954,32.70888760332903,Q3,52.3,33.6,-1.324656607140454,-.8911123966709695
Sindh,68.08545210998503,40.49708780754786,Q4,66.2,41.3,1.885452109985025,-.8029121924521405
Sindh,85.39878685251922,50.88168744301852,Q5,84.8,48.7,.5987868525192255,2.181687443018518
Sindh-Rural,36.933366184478,25.51432874128472,All,36.9,25.5,.0333661844780053,.0143287412847215
Sindh-Rural,22.17757838615217,16.94590278977825,Q1,22.6,17.8,-.4224216138478312,-.8540972102217523
Sindh-Rural,27.26814125845981,21.52152543255128,Q2,27.4,25.5,-.1318587415401886,-3.978474567448721
Sindh-Rural,31.10451117304669,30.15564343254545,Q3,31.7,25.1,-.5954888269533143,5.055643432545448
Sindh-Rural,37.99484156308832,28.69919343265601,Q4,37.9,28.2,.0948415630883233,.499193432656007
Sindh-Rural,56.8296990071292,37.91925094022314,Q5,56.1,38.3,.7296990071291987,-.3807490597768606
Sindh-Urban,72.2096829331765,39.58424301282641,All,72.2,39.6,.0096829331764923,-.0157569871735888
Sindh-Urban,45.47163611428282,29.13702341565935,Q1,45.6,30.9,-.1283638857171852,-1.762976584340652
Sindh-Urban,61.79236977515601,36.24232000025457,Q2,63.6,36.1,-1.80763022484399,.1423200002545641
Sindh-Urban,72.09754982728023,43.2545114911918,Q3,70.7,42.8,1.39754982728023,.454511491191802
Sindh-Urban,79.87031259820191,46.44233524775296,Q4,79.3,45.8,.5703125982019088,.6423352477529676
Sindh-Urban,92.10365381440994,52.53488773270093,Q5,91.90000000000001,52.5,.2036538144099325,.0348877327009305
