region,mys,epr,hied,fullemp,year,survival,r_i_mys,r_i_epr,r_i_hied,r_i_full,r_i_surv,r_ydi,p_mys,p_epr,p_hied,p_fullemp,pub_ydi,status
Balochistan,4.201548856575959,44.1064319068887,7.061435413684587,97.01846556272307,2012-13,,.2751936070719949,.4872347415269814,.2353811804561529,.9627308195340383,,,,,,,,High youth development
Khyber Pakhtunkhwa,6.055877740449022,32.9211234966384,13.80722536714242,78.19208272572956,2012-13,,.5069847175561277,.3274446213805486,.4602408455714139,.7274010340716195,,,,,,,,High youth development
Pakistan,6.338969422279358,42.85055854142777,13.77723631060745,83.69935409102422,2012-13,,.5423711777849197,.4692936934489681,.4592412103535816,.7962419261378028,,,,,,,,High youth development
Pakistan - Female,5.56965596213081,19.63896396898038,12.9639034718228,54.72591159106411,2012-13,,.4462069952663512,.1376994852711483,.4321301157274267,.4340738948883014,,,,,,,,High youth development
Pakistan - Male,7.098641643367059,65.77125929250197,14.5803762478754,92.24225620650661,2012-13,,.6373302054208824,.796732275607171,.4860125415958467,.9030282025813327,,,,,,,,High youth development
Punjab,6.526854094615876,44.80083347958297,13.5365991661473,82.25444310007407,2012-13,,.5658567618269845,.4971547639940424,.4512199722049101,.7781805387509259,,,,,,,,High youth development
Sindh,6.412694531133567,43.84930868825348,15.41257697877507,87.35256968878005,2012-13,,.5515868163916959,.4835615526893354,.513752565959169,.8419071211097506,,,,,,,,High youth development
Balochistan,4.957172122043804,38.66563334534487,8.665732070311922,93.08119494446572,2017-18,.999,.3696465152554755,.409509047790641,.2888577356770641,.9135149368058215,.6896551724137905,.5342366815885585,4.95,32.91,8.67,93.54000000000001,.517,Low youth development
Khyber Pakhtunkhwa,6.137335579568718,33.42830385579375,14.84974001029381,77.69961013938588,2017-18,.9986,.5171669474460897,.3346900550827678,.4949913336764604,.7212451267423236,.5517241379310477,.5239635201757378,6.12,34.72,14.85,76.34999999999999,.524,Low youth development
Pakistan,6.709923877999066,41.49923623144913,16.59656067085492,86.09182764331656,2017-18,.9988,.5887404847498833,.4499890890207019,.5532186890284972,.826147845541457,.620689655172419,.6077571527025917,6.69,42.3,16.6,85.52,.605,Medium youth development
Pakistan - Female,6.080954231306205,18.27101903610967,16.20238650701817,56.99388999217187,2017-18,.999,.5101192789132756,.1181574148015667,.5400795502339389,.4624236249021484,.6896551724137905,.4640870082529441,6.07,18.71,16.2,57.42,.467,Low youth development
Pakistan - Male,7.360798632606597,65.53642188338213,17.0044627270334,94.48662065319363,2017-18,.9985000000000001,.6700998290758247,.7933774554768876,.5668154242344468,.9310827581649204,.517241379310362,.6957233692524882,7.34,66.31,17,93.63,.6919999999999999,Medium youth development
Punjab,7.064909620474302,44.25947556367407,16.75522345862773,84.34639305470337,2017-18,.9987,.6331137025592878,.4894210794810581,.5585074486209244,.8043299131837921,.5862068965517334,.6143158080793591,7.05,45.16,16.76,83.59,.614,Medium youth development
Sindh,6.54435239350718,40.73090563303384,18.70822535358819,93.91359975202806,2017-18,.9987,.5680440491883975,.4390129376147692,.6236075117862732,.9239199969003508,.5862068965517334,.6281582784083048,6.54,42.73,18.71,94.06999999999999,.637,Medium youth development
Balochistan,5.676829381848554,40.67906762215661,15.82423088115594,89.92564795532847,2024-25,.999,.4596036727310693,.4382723946022373,.5274743627051979,.8740705994416059,.6896551724137905,.5978152403787802,,,,,,Medium youth development
Khyber Pakhtunkhwa,7.558658840737046,39.42337217412856,21.61467973013582,87.63448802458205,2024-25,.9986,.6948323550921307,.4203338882018365,.7204893243378605,.8454311003072756,.5517241379310477,.6465621611740302,,,,,,Medium youth development
Pakistan,7.762377472030783,44.8407619814007,22.11142754003152,86.2903457562193,2024-25,.9988,.7202971840038479,.4977251711628672,.7370475846677172,.8286293219527412,.620689655172419,.6808777833919185,,,,,,Medium youth development
Pakistan - Female,7.172423497557089,22.916424508877,21.20184229316777,67.67763062297139,2024-25,.999,.6465529371946361,.1845203501268143,.7067280764389258,.5959703827871424,.6896551724137905,.5646853837922617,,,,,,Medium youth development
Pakistan - Male,8.320999442521652,65.60071467355169,22.97270541070793,92.44704444481032,2024-25,.9985000000000001,.7901249303152065,.7942959239078813,.7657568470235978,.905588055560129,.517241379310362,.7546014272234354,,,,,,High youth development
Punjab,8.387086611432476,47.24210382625177,23.70741914959503,84.72836451256664,2024-25,.9987,.7983858264290595,.5320300546607396,.7902473049865011,.809104556407083,.5862068965517334,.7031949278070234,,,,,,High youth development
Sindh,6.935537511102415,44.40931043403747,20.21112417868429,88.50683782273215,2024-25,.9987,.6169421888878018,.4915615776291067,.6737041392894764,.8563354727841519,.5862068965517334,.6449500550284542,,,,,,Medium youth development
